Date,Name,Year,JK Rating,IMDB Rating,Runtime,Genre1,Genre2,Genre3,Genre4,Genre5,Director1,Director2,Director3,Writer1,Writer2,Writer3,Cast1,Cast2,Cast3,Cast4,Cast5,Cast6,Cast7,Cast8,Cast9,Cast10,Cast11,Cast12,Cast13,Cast14,Cast15
27/10/2019,Look Who's Back,2015,8,7.0,116,Comedy,Drama,Fantasy,,,David Wnendt,,,David Wnendt,Mizzi Meyer,,Oliver Masucci,Thomas M. Köppl,Marc-Marvin Israel,David Gebigke,Paul Busche,Fabian Busch,Gerdy Zint,Nancy Maria Brüning,Lars Rudolph,Franziska Wulf,,,,,
03/11/2019,The Shawshank Redemption,1994,8,9.3,142,Drama,,,,,Frank Darabont,,,Stephen King,,Frank Darabont,Tim Robbins,Morgan Freeman,Bob Gunton,William Sadler,Clancy Brown,Gil Bellows,Mark Rolston,James Whitmore,Jeffrey DeMunn,Larry Brandenburg,,,,,
09/11/2019,Darkest Hour,2017,7,7.4,125,Biography,Drama,History,War,,Joe Wright,,,Anthony McCarten,,,Gary Oldman,Kristin Scott Thomas,Ben Mendelsohn,Lily James,Ronald Pickup,Stephen Dillane,Nicholas Jones,Samuel West,David Schofield,Richard Lumsden,,,,,
17/11/2019,The Informant!,2009,7,6.5,108,Biography,Comedy,Crime,Drama,,Steven Soderbergh,,,Scott Z. Burns,,Kurt Eichenwald,Matt Damon,Lucas McHugh Carroll,Eddie Jemison,Rusty Schwimmer,Craig Ricci Shaynak,Tom Papa,Rick Overton,Melanie Lynskey,Tom Wilson,Scott Bakula,,,,,
24/11/2019,Train to Busan,2016,7,7.6,118,Action,Horror,Thriller,,,Yeon Sang-ho,,,Park Joo-suk,,Yeon Sang-ho,Gong Yoo,Jung Yu-mi,Ma Dong-seok,Kim Su-an,Kim Eui-sung,Choi Woo-sik,Sohee,Ye Soo-jung,Park Myung-shin,Choi Gwi-hwa,,,,,
01/12/2019,Knives Out,2019,8,7.9,130,Comedy,Crime,Drama,Mystery,Thriller,Rian Johnson,,,Rian Johnson,,,Daniel Craig,Chris Evans,Ana de Armas,Jamie Lee Curtis,Michael Shannon,Don Johnson,Toni Collette,LaKeith Stanfield,Christopher Plummer,Katherine Langford,,,,,
04/12/2019,Coherence,2013,6,7.2,89,Mystery,Sci-Fi,Thriller,,,James Ward Byrkit,,,James Ward Byrkit,,James Ward Byrkit,Emily Baldoni,Maury Sterling,Nicholas Brendon,Lorene Scafaria,Elizabeth Gracen,Hugo Armstrong,Alex Manugian,Lauren Maher,Aqueela Zoll,Carrie Patterson,,,,,
15/12/2019,The Irishman,2019,8,7.8,209,Biography,Crime,Drama,History,Thriller,Martin Scorsese,,,Steven Zaillian,,Charles Brandt,Robert De Niro,Al Pacino,Joe Pesci,Harvey Keitel,Ray Romano,Bobby Cannavale,Anna Paquin,Stephen Graham,Stephanie Kurtzuba,Jack Huston,,,,,
21/12/2019,Fracture,2007,8,7.2,113,Crime,Drama,Thriller,,,Gregory Hoblit,,,Daniel Pyne,Glenn Gers,,Anthony Hopkins,Ryan Gosling,David Strathairn,Rosamund Pike,Embeth Davidtz,Billy Burke,Cliff Curtis,Fiona Shaw,Bob Gunton,Josh Stamberg,,,,,
02/01/2020,The Gentlemen,2019,8,7.8,113,Action,Comedy,Crime,Gangster,Caper,Guy Ritchie,,,Guy Ritchie,Ivan Atkinson,Marn Davies,Matthew McConaughey,Charlie Hunnam,Michelle Dockery,Jeremy Strong,Colin Farrell,Henry Golding,Tom Wu,Chidi Ajufo,Hugh Grant,Simon Baker,Eddie Marsan,Jason Wong,John Dagleish,Jordan Long,Lily Frazer
04/01/2020,Inside Man,2006,7,7.6,129,Crime,Drama,Mystery,Thriller,,Spike Lee,,,Russell Gewirtz,,,Denzel Washington,Clive Owen,Jodie Foster,Christopher Plummer,Willem Dafoe,Chiwetel Ejiofor,Carlos Andrés Gómez,Kim Director,James Ransone,Bernie Rachelle,,,,,
05/01/2020,Snowpiercer,2013,9,7.1,126,Action,Sci-Fi,Thriller,,,Bong Joon Ho,,,Jacques Lob,Benjamin Legrand,Jean-Marc Rochette,Chris Evans,Song Kang-ho,Ed Harris,John Hurt,Tilda Swinton,Jamie Bell,Octavia Spencer,Ewen Bremner,Ko Ah-sung,Alison Pill,,,,,
18/01/2020,Ad Astra,2019,7,6.5,123,Adventure,Drama,Mystery,Sci-Fi,Thriller,James Gray,,,James Gray,Ethan Gross,,Brad Pitt,Tommy Lee Jones,Ruth Negga,Donald Sutherland,Kimberly Elise,Loren Dean,Donnie Keshawarz,Sean Blakemore,Bobby Nish,LisaGay Hamilton,,,,,
19/01/2020,Green Book,2018,7,8.2,130,Biography,Comedy,Drama,Music,,Peter Farrelly,,,Nick Vallelonga,Brian Hayes Currie,Peter Farrelly,Viggo Mortensen,Mahershala Ali,Linda Cardellini,Sebastian Maniscalco,Dimiter D. Marinov,Mike Hatton,P.J. Byrne,Joe Cortese,Mary Agnes Nixon,Von Lewis,,,,,
24/01/2020,The Shape of Water,2017,7,7.3,123,Drama,Fantasy,Romance,Sci-Fi,,Guillermo del Toro,,,Guillermo del Toro,Vanessa Taylor,,Sally Hawkins,Michael Shannon,Richard Jenkins,Octavia Spencer,Michael Stuhlbarg,Doug Jones,David Hewlett,Nick Searcy,Stewart Arnott,Nigel Bennett,,,,,
27/01/2020,Anna,2019,6,6.7,118,Action,Thriller,,,,Luc Besson,,,Luc Besson,,,Sasha Luss,Helen Mirren,Luke Evans,Cillian Murphy,Lera Abova,Alexander Petrov,Nikita Pavlenko,Anna Krippa,Aleksey Maslodudov,Eric Godon,,,,,
31/01/2020,Yesterday,2019,8,6.8,116,Comedy,Fantasy,Music,Romance,,Danny Boyle,,,Richard Curtis,,Jack Barth,Himesh Patel,Lily James,Sophia Di Martino,Ellise Chappell,Meera Syal,Harry Michell,Vincent Franklin,Joel Fry,Michael Kiwanuka,Karma Sood,,,,,
01/02/2020,Walk the Line,2005,7,7.8,136,Biography,Drama,Music,Romance,,James Mangold,,,Johnny Cash,,Johnny Cash,Joaquin Phoenix,Reese Witherspoon,Ginnifer Goodwin,Robert Patrick,Dallas Roberts,Dan John Miller,Larry Bagby,Shelby Lynne,Tyler Hilton,Waylon Payne,,,,,
07/02/2020,Sherlock Holmes,2009,8,7.6,128,Action,Adventure,Mystery,,,Guy Ritchie,,,Michael Robert Johnson,Anthony Peckham,Simon Kinberg,Robert Downey Jr.,Jude Law,Rachel McAdams,Mark Strong,Eddie Marsan,Robert Maillet,Geraldine James,Kelly Reilly,William Houston,Hans Matheson,,,,,
08/02/2020,World War Z,2013,5,7.0,116,Action,Adventure,Horror,Sci-Fi,,Marc Forster,,,Matthew Michael Carnahan,Drew Goddard,Damon Lindelof,Brad Pitt,Mireille Enos,Daniella Kertesz,James Badge Dale,Ludi Boeken,Matthew Fox,Fana Mokoena,David Morse,Elyes Gabel,Peter Capaldi,,,,,
16/02/2020,1917,2019,8,8.2,119,Action,Drama,War,,,Sam Mendes,,,Sam Mendes,Krysty Wilson-Cairns,,Dean-Charles Chapman,George MacKay,Daniel Mays,Colin Firth,Pip Carter,Andy Apollo,Paul Tinto,Josef Davies,Billy Postlethwaite,Gabriel Akuwudike,,,,,
23/02/2020,True Grit,2010,7,7.6,110,Drama,Western,,,,Ethan Coen,Joel Coen,,Joel Coen,Ethan Coen,,Jeff Bridges,Hailee Steinfeld,Matt Damon,Josh Brolin,Barry Pepper,Dakin Matthews,Jarlath Conroy,Paul Rae,Domhnall Gleeson,Elizabeth Marvel,,,,,
20/02/2020,Parasite,2019,8,8.5,132,Drama,Thriller,,,,Bong Joon Ho,,,Bong Joon Ho,,Bong Joon Ho,Song Kang-ho,Lee Sun-kyun,Cho Yeo-jeong,Choi Woo-sik,Park So-dam,Lee Jeong-eun,Jang Hye-jin,Park Myeong-hoon,Jung Ji-so,Jung Hyun-jun,,,,,
01/03/2020,Spotlight,2015,7,8.1,129,Biography,Crime,Drama,,,Tom McCarthy,,,Josh Singer,Tom McCarthy,,Mark Ruffalo,Michael Keaton,Rachel McAdams,Liev Schreiber,John Slattery,Brian d'Arcy James,Stanley Tucci,Elena Wohl,Gene Amoroso,Doug Murray,,,,,
08/03/2020,Revolutionary Road,2008,6,7.3,119,Drama,Romance,,,,Sam Mendes,,,Justin Haythe,,Richard Yates,Kate Winslet,Leonardo DiCaprio,Christopher Fitzgerald,Jonathan Roumie,Neal Bledsoe,Marin Ireland,Samantha Soule,Heidi Armbruster,Sam Rosen,Maria Rusolo,,,,,
09/03/2020,Dark Waters,2019,8,7.6,126,Biography,Drama,History,Mystery,,Todd Haynes,,,Nathaniel Rich,,Mario Correa,Mark Ruffalo,Anne Hathaway,Tim Robbins,Bill Pullman,Bill Camp,Victor Garber,Mare Winningham,William Jackson Harper,Louisa Krause,Kevin Crowley,,,,,
13/03/2020,A Friendly Tale,2020,8,6.1,104,Comedy,Drama,,,,Daniel Cohen,,,Daniel Cohen,,Olivier Dazat,Bérénice Bejo,Vincent Cassel,François Damiens,Florence Foresti,Daniel Cohen,Keren-Ann Zajtelbach,Owen Tannou,Romain Cottard,Alice Carel,Bruno Gouery,,,,,
20/03/2020,The Dark Tower,2017,6,5.6,95,Action,Adventure,Fantasy,Sci-Fi,Western,Nikolaj Arcel,,,Akiva Goldsman,Jeff Pinkner,Anders Thomas Jensen,Matthew McConaughey,Idris Elba,Tom Taylor,Dennis Haysbert,Ben Gavin,Claudia Kim,Jackie Earle Haley,Fran Kranz,Abbey Lee,Katheryn Winnick,,,,,
21/03/2020,The Invisible Man,2020,7,7.1,124,Drama,Horror,Mystery,Sci-Fi,Thriller,Leigh Whannell,,,Leigh Whannell,,Leigh Whannell,Elisabeth Moss,Oliver Jackson-Cohen,Harriet Dyer,Aldis Hodge,Storm Reid,Michael Dorman,Benedict Hardie,Renee Lim,Brian Meegan,Nick Kici,,,,,
26/03/2020,The King's Speech,2010,8,8.0,118,Biography,Drama,History,,,Tom Hooper,,,David Seidler,,,Colin Firth,Helena Bonham Carter,Derek Jacobi,Robert Portal,Richard Dixon,Paul Trussell,Adrian Scarborough,Andrew Havill,Charles Armstrong,Roger Hammond,,,,,
28/03/2020,Big Eyes,2014,7,7.0,106,Biography,Crime,Drama,Romance,,Tim Burton,,,Scott Alexander,Larry Karaszewski,,Amy Adams,Christoph Waltz,Danny Huston,Krysten Ritter,Jason Schwartzman,Terence Stamp,Jon Polito,Delaney Raye,Madeleine Arthur,James Saito,,,,,
27/03/2020,The Sea Inside,2004,7,8.0,126,Biography,Drama,,,,Alejandro Amenábar,,,Alejandro Amenábar,Mateo Gil,,Javier Bardem,Belén Rueda,Lola Dueñas,Mabel Rivera,Celso Bugallo,Clara Segura,Joan Dalmau,Alberto Jiménez,Tamar Novas,Francesc Garrido,,,,,
30/03/2020,The Rainmaker,1997,7,7.2,135,Crime,Drama,Thriller,,,Francis Ford Coppola,,,John Grisham,,Francis Ford Coppola,Matt Damon,Danny DeVito,Claire Danes,Jon Voight,Mary Kay Place,Dean Stockwell,Teresa Wright,Virginia Madsen,Mickey Rourke,Andrew Shue,,,,,
29/03/2020,Capote,2005,7,7.3,114,Biography,Crime,Drama,History,,Bennett Miller,,,Dan Futterman,,Gerald Clarke,Allie Mickelson,Kelci Stephenson,Philip Seymour Hoffman,Craig Archibald,Bronwen Coleman,Kate Shindle,David Wilson Barnes,Michael J. Burg,Catherine Keener,Kwesi Ameyaw,,,,,
03/04/2020,The Platform,2019,7,7.0,94,Horror,Mystery,Sci-Fi,Thriller,,Galder Gaztelu-Urrutia,,,David Desola,Pedro Rivero,,Ivan Massagué,Zorion Eguileor,Antonia San Juan,Emilio Buale,Alexandra Masangkay,Zihara Llana,Mario Pardo,Algis Arlauskas,Txubio Fernández de Jáuregui,Eric Goode,,,,,
05/04/2020,Miss Americana,2020,7,7.4,85,Documentary,Biography,Drama,Music,,Lana Wilson,,,,,,Taylor Swift,Andrea Swift,Scott Swift,Joel Little,Tree Paine,Jack Antonoff,Kamilah Marshall,Melanie Nyema,Max Martin,Dave Meyers,,,,,
09/04/2020,The Hunger Games: Catching Fire,2013,7,7.5,146,Action,Adventure,Sci-Fi,Thriller,,Francis Lawrence,,,Simon Beaufoy,Michael Arndt,,Jennifer Lawrence,Liam Hemsworth,Jack Quaid,Taylor St. Clair,Sandra Ellis Lafferty,Woody Harrelson,Josh Hutcherson,Paula Malcomson,Willow Shields,Donald Sutherland,,,,,
10/04/2020,A Dog's Purpose,2017,7,7.3,100,Adventure,Comedy,Drama,Family,Fantasy,Lasse Hallström,,,W. Bruce Cameron,Cathryn Michon,Audrey Wells,Josh Gad,Dennis Quaid,Peggy Lipton,Bryce Gheisar,KJ Apa,Juliet Rylance,Luke Kirby,Gabrielle Rose,Michael Bofshever,Britt Robertson,,,,,
11/04/2020,La La Land,2016,9,8.0,128,Comedy,Drama,Music,Musical,Romance,Damien Chazelle,,,Damien Chazelle,,,Ryan Gosling,Emma Stone,Amiee Conn,Terry Walters,Thom Shelton,Cinda Adams,Callie Hernandez,Jessica Rothe,Sonoya Mizuno,Rosemarie DeWitt,,,,,
12/04/2020,Marriage Story,2019,8,7.9,137,Drama,Romance,,,,Noah Baumbach,,,Noah Baumbach,,,Adam Driver,Scarlett Johansson,Julia Greer,Azhy Robertson,Wallace Shawn,Matthew Maher,Eric Berryman,Mickey Sumner,David Turner,Gideon Glick,,,,,
13/04/2020,Sicario,2015,7,7.7,121,Action,Crime,Drama,Mystery,Thriller,Denis Villeneuve,,,Taylor Sheridan,,,Emily Blunt,Benicio Del Toro,Josh Brolin,Victor Garber,Jon Bernthal,Daniel Kaluuya,Jeffrey Donovan,Raoul Max Trujillo,Julio Cesar Cedillo,Hank Rogerson,,,,,
15/04/2020,Eternal Sunshine of the Spotless Mind,2004,7,8.3,108,Drama,Romance,Sci-Fi,,,Michel Gondry,,,Charlie Kaufman,Michel Gondry,Pierre Bismuth,Jim Carrey,Kate Winslet,Gerry Robert Byrne,Elijah Wood,Thomas Jay Ryan,Mark Ruffalo,Jane Adams,David Cross,Kirsten Dunst,Tom Wilkinson,,,,,
21/04/2020,Uncut Gems,2019,6,7.4,135,Crime,Drama,Thriller,,,Benny Safdie,Josh Safdie,,Ronald Bronstein,Josh Safdie,Benny Safdie,Mesfin Lamengo,Sun Zhi Hua-Hilton,Liang Wei-Hui-Duncan,Sunny Wu Jin Zahao,Deneke Muhugeta,Habtunu Africho,Warren Finkelstein,Adam Sandler,Keith William Richards,Tommy Kominik,,,,,
24/04/2020,The Hunger Games: Mockingjay - Part 1,2014,5,6.6,123,Action,Adventure,Sci-Fi,Thriller,,Francis Lawrence,,,Peter Craig,Danny Strong,,Jennifer Lawrence,Josh Hutcherson,Liam Hemsworth,Woody Harrelson,Donald Sutherland,Philip Seymour Hoffman,Julianne Moore,Willow Shields,Sam Claflin,Elizabeth Banks,,,,,
23/04/2020,The Nice Guys,2016,7,7.4,116,Action,Comedy,Crime,Thriller,,Shane Black,,,Shane Black,Anthony Bagarozzi,,Russell Crowe,Ryan Gosling,Angourie Rice,Matt Bomer,Margaret Qualley,Yaya DaCosta,Keith David,Beau Knapp,Lois Smith,Murielle Telio,,,,,
25/04/2020,Secret in Their Eyes,2015,7,6.3,111,Crime,Drama,Mystery,Thriller,,Billy Ray,,,Billy Ray,,Juan José Campanella,Chiwetel Ejiofor,Nicole Kidman,Julia Roberts,Dean Norris,Alfred Molina,Joe Cole,Michael Kelly,Zoe Graham,Patrick Davis Alarcón,Eileen Fogarty,,,,,
28/04/2020,RocknRolla,2008,8,7.2,114,Action,Crime,Thriller,,,Guy Ritchie,,,Guy Ritchie,,,Gerard Butler,Tom Wilkinson,Thandiwe Newton,Mark Strong,Idris Elba,Tom Hardy,Karel Roden,Toby Kebbell,Jeremy Piven,Ludacris,,,,,
02/05/2020,BlacKkKlansman,2018,6,7.5,135,Biography,Comedy,Crime,Drama,,Spike Lee,,,Charlie Wachtel,David Rabinowitz,Kevin Willmott,Alec Baldwin,John David Washington,Isiah Whitlock Jr.,Robert John Burke,Brian Tarantina,Arthur J. Nascarella,Ken Garito,Frederick Weller,Adam Driver,Michael Buscemi,,,,,
03/05/2020,Molly's Game,2017,9,7.4,140,Biography,Crime,Drama,,,Aaron Sorkin,,,Aaron Sorkin,,Molly Bloom,Jessica Chastain,Idris Elba,Kevin Costner,Michael Cera,Jeremy Strong,Chris O'Dowd,J.C. MacKenzie,Brian d'Arcy James,Bill Camp,Graham Greene,,,,,
08/05/2020,The Big Sick,2017,7,7.5,120,Comedy,Drama,Romance,,,Michael Showalter,,,Emily V. Gordon,Kumail Nanjiani,,Kumail Nanjiani,Zoe Kazan,Holly Hunter,Ray Romano,Anupam Kher,Zenobia Shroff,Adeel Akhtar,Bo Burnham,Aidy Bryant,Kurt Braunohler,,,,,
09/05/2020,The Hunger Games: Mockingjay - Part 2,2015,5,6.6,137,Action,Adventure,Sci-Fi,Thriller,,Francis Lawrence,,,Peter Craig,Danny Strong,,Jennifer Lawrence,Josh Hutcherson,Liam Hemsworth,Woody Harrelson,Donald Sutherland,Philip Seymour Hoffman,Julianne Moore,Willow Shields,Sam Claflin,Elizabeth Banks,,,,,
15/05/2020,Blood Diamond,2006,8,8.0,143,Adventure,Drama,Thriller,,,Edward Zwick,,,Charles Leavitt,,Charles Leavitt,Leonardo DiCaprio,Djimon Hounsou,Jennifer Connelly,Kagiso Kuypers,Arnold Vosloo,Antony Coleman,Benu Mabhena,Anointing Lukola,David Harewood,Basil Wallace,,,,,
16/05/2020,Just Mercy,2019,6,7.6,137,Biography,Crime,Drama,,,Destin Daniel Cretton,,,Destin Daniel Cretton,Andrew Lanham,,Jamie Foxx,Charlie Pye Jr.,Michael Harding,Christopher Wolfe,Michael B. Jordan,J. Alphonse Nicholson,Adam Boyer,Jacinte Blankenship,Bryan G. Stevenson,Brad Sanders,,,,,
22/05/2020,The Two Popes,2019,8,7.6,125,Biography,Comedy,Drama,,,Fernando Meirelles,,,Anthony McCarten,,,Anthony Hopkins,Jonathan Pryce,Juan Minujín,Luis Gnecco,Cristina Banegas,María Ucedo,Renato Scarpa,Sidney Cole,Achille Brugnini,Federico Torre,,,,,
24/05/2020,State of play,2009,7,7.1,127,Crime,Drama,Mystery,Thriller,,Kevin Macdonald,,,Matthew Michael Carnahan,Tony Gilroy,Billy Ray,Russell Crowe,Ben Affleck,Rachel McAdams,Helen Mirren,Robin Wright,Jason Bateman,Jeff Daniels,Michael Berresse,Harry Lennix,Josh Mostel,,,,,
29/05/2020,Forgotten,2017,8,7.4,108,Crime,Mystery,Thriller,,,Jang Hang-jun,,,Jang Hang-jun,,,Kang Ha-neul,Kim Mu-yeol,Moon Sung-keun,Na Young-hee,Nam Myung-ryul,Lee Na-ra,Chan-Bi Jung,Go Choi,Bae Sung-il,Lee Soon-won,,,,,
30/05/2020,The other guys,2010,6,6.7,107,Action,Comedy,Crime,Thriller,,Adam McKay,,,Adam McKay,Chris Henchy,,Will Ferrell,Derek Jeter,Mark Wahlberg,Eva Mendes,Michael Keaton,Larnell Stovall,Jalil Jay Lynch,Roy T. Anderson,Ray Stevenson,Samuel L. Jackson,,,,,
31/05/2020,Extraction,2020,6,6.8,116,Action,Crime,Thriller,,,Sam Hargrave,,,Joe Russo,,Ande Parks,Chris Hemsworth,Bryon Lerum,Ryder Lerum,Rudhraksh Jaiswal,Shivam Vichare,Piyush Khati,Sara Rumao,Randeep Hooda,Aarti Kulkarni,Umakant Patil,,,,,
03/06/2020,The invisible guest,2016,8,8.0,106,Crime,Drama,Mystery,Thriller,,Oriol Paulo,,,Oriol Paulo,,Lara Sendim,Mario Casas,Ana Wagener,Jose Coronado,Bárbara Lennie,Francesc Orella,Paco Tous,David Selvas,Iñigo Gastesi,San Yélamos,Manel Dueso,,,,,
04/06/2020,Primal fear,1996,8,7.7,129,Crime,Drama,Mystery,Thriller,,Gregory Hoblit,,,William Diehl,,Steve Shagan,Richard Gere,Laura Linney,John Mahoney,Alfre Woodard,Frances McDormand,Edward Norton,Terry O'Quinn,Andre Braugher,Steven Bauer,Joe Spano,,,,,
07/06/2020,Jojo Rabbit,2019,7,7.9,108,Comedy,Drama,War,,,Taika Waititi,,,Christine Leunens,,Taika Waititi,Roman Griffin Davis,Thomasin McKenzie,Scarlett Johansson,Taika Waititi,Sam Rockwell,Rebel Wilson,Alfie Allen,Stephen Merchant,Archie Yates,Luke Brandon Field,,,,,
08/06/2020,Hunt for the wilderpeople,2016,8,7.8,101,Adventure,Comedy,Drama,,,Taika Waititi,,,Taika Waititi,,Barry Crump,Sam Neill,Julian Dennison,Rima Te Wiata,Rachel House,Tioreore Ngatai-Melbourne,Oscar Kightley,Stan Walker,Mike Minogue,Cohen Holloway,Rhys Darby,,,,,
08/06/2020,Paterson,2016,5,7.3,118,Comedy,Drama,Romance,,,Jim Jarmusch,,,Jim Jarmusch,,William Carlos Williams,Adam Driver,Golshifteh Farahani,Nellie,Rizwan Manji,Dominic Liriano,Jaden Michael,Barry Shabaka Henley,Trev Parham,Troy T. Parham,Brian McCarthy,,,,,
12/06/2020,Trumbo,2015,7,7.4,124,Biography,Drama,,,,Jay Roach,,,John McNamara,,Bruce Cook,Bryan Cranston,Michael Stuhlbarg,Dave Maldonado,John Getz,Diane Lane,Laura Flannery,Helen Mirren,David James Elliott,Toby Nichols,Joseph S. Martino,,,,,
14/06/2020,Dredd,2012,5,7.1,95,Action,Crime,Sci-Fi,,,Pete Travis,,,John Wagner,Carlos Ezquerra,,Karl Urban,Rachel Wood,Andile Mngadi,Porteus Xandau,Jason Cope,Emma Breschi,Olivia Thirlby,Rakie Ayola,Lena Headey,Tamer Burjaq,,,,,
19/06/2020,Mirage,2018,8,7.4,128,Drama,Fantasy,Mystery,Romance,Thriller,Oriol Paulo,,,Oriol Paulo,,Lara Sendim,Adriana Ugarte,Chino Darín,Javier Gutiérrez,Álvaro Morte,Nora Navas,Miquel Fernández,Clara Segura,Mima Riera,Aina Clotet,Albert Pérez,,,,,
21/06/2020,Don’t Breathe,2016,7,7.1,88,Crime,Horror,Thriller,,,Fede Alvarez,,,Fede Alvarez,Rodo Sayagues,,Stephen Lang,Jane Levy,Dylan Minnette,Daniel Zovatto,Emma Bercovici,Franciska Töröcsik,Christian Zagia,Katia Bokor,Sergej Onopko,Olivia Gillies,,,,,
25/06/2020,Unknown,2011,6,6.8,113,Action,Mystery,Thriller,,,Jaume Collet-Serra,,,Oliver Butcher,Stephen Cornwell,,Liam Neeson,Diane Kruger,January Jones,Aidan Quinn,Bruno Ganz,Frank Langella,Sebastian Koch,Olivier Schneider,Stipe Erceg,Rainer Bock,,,,,
26/06/2020,Hush,2016,6,6.6,82,Horror,Thriller,,,,Mike Flanagan,,,Mike Flanagan,Kate Siegel,,John Gallagher Jr.,Kate Siegel,Michael Trucco,Samantha Sloyan,Emma Graves,,,,,,,,,,
26/06/2020,The Town,2010,7,7.5,125,Crime,Drama,Thriller,,,Ben Affleck,,,Peter Craig,Ben Affleck,Aaron Stockard,Ben Affleck,Rebecca Hall,Jon Hamm,Jeremy Renner,Blake Lively,George Carroll,Owen Burke,Titus Welliver,Pete Postlethwaite,Chris Cooper,,,,,
27/06/2020,Prisoners,2013,7,8.2,153,Crime,Drama,Mystery,Thriller,,Denis Villeneuve,,,Aaron Guzikowski,,,Hugh Jackman,Jake Gyllenhaal,Viola Davis,Maria Bello,Terrence Howard,Melissa Leo,Paul Dano,Dylan Minnette,Zoë Soul,Erin Gerasimovich,,,,,
03/07/2020,The Cabin in the Woods,2011,7,7.0,95,Horror,Mystery,Thriller,,,Drew Goddard,,,Joss Whedon,Drew Goddard,,Kristen Connolly,Chris Hemsworth,Anna Hutchison,Fran Kranz,Jesse Williams,Richard Jenkins,Bradley Whitford,Brian White,Amy Acker,Tim DeZarn,,,,,
03/07/2020,Unbreakable Kimmy Schmidt,2015,6,7.5,30,Comedy,,,,,,,,Robert Carlock,Robert Carlock,Robert Carlock,Ellie Kemper,Tituss Burgess,Carol Kane,Jane Krakowski,Sara Chase,Sol Miranda,Lauren Adams,Mike Carlsen,Amy Sedaris,Jon Hamm,,,,,
04/07/2020,A Twelve-Year Night,2018,8,7.5,122,Adventure,Biography,Crime,Drama,History,Álvaro Brechner,,,Álvaro Brechner,,Mauricio Rosencof,Antonio de la Torre,Chino Darín,Alfonso Tort,César Troncoso,Soledad Villamil,Sílvia Pérez Cruz,César Bordón,Mirella Pascual,Nidia Telles,Eduardo Recabarren,,,,,
10/07/2020,Heat,1995,8,8.3,170,Action,Crime,Drama,,,Michael Mann,,,Michael Mann,,,Al Pacino,Robert De Niro,Val Kilmer,Jon Voight,Tom Sizemore,Diane Venora,Amy Brenneman,Ashley Judd,Mykelti Williamson,Wes Studi,,,,,
11/07/2020,Pain and Glory,2019,7,7.5,113,Drama,,,,,Pedro Almodóvar,,,Pedro Almodóvar,,,Antonio Banderas,Asier Etxeandia,Leonardo Sbaraglia,Nora Navas,Julieta Serrano,César Vicente,Asier Flores,Penélope Cruz,Cecilia Roth,Susi Sánchez,,,,,
12/07/2020,Escape Room,2019,7,6.4,99,Action,Adventure,Horror,Mystery,Sci-Fi,Adam Robitel,,,Bragi F. Schut,Maria Melnik,,Taylor Russell,Logan Miller,Jay Ellis,Tyler Labine,Deborah Ann Woll,Nik Dodani,Yorick van Wageningen,Cornelius Geaney Jr.,Russell Crous,Bart Fouche,,,,,
14/07/2020,Long Shot,2019,6,6.8,125,Comedy,Romance,,,,Jonathan Levine,,,Dan Sterling,Liz Hannah,,Charlize Theron,Seth Rogen,June Diane Raphael,O'Shea Jackson Jr.,Ravi Patel,Bob Odenkirk,Andy Serkis,Randall Park,Tristan D. Lalla,Alexander Skarsgård,,,,,
17/07/2020,Rocketman,2019,7,7.3,121,Biography,Drama,Music,Musical,,Dexter Fletcher,,,Lee Hall,,,Taron Egerton,Jamie Bell,Richard Madden,Bryce Dallas Howard,Gemma Jones,Steven Mackintosh,Tom Bennett,Matthew Illesley,Kit Connor,Charlie Rowe,,,,,
19/07/2020,Dream House,2011,6,6.0,92,Drama,Mystery,Thriller,,,Jim Sheridan,,,David Loucka,,,Daniel Craig,Naomi Watts,Rachel Weisz,Elias Koteas,Marton Csokas,Taylor Geare,Claire Geare,Rachel Fox,Jane Alexander,Brian Murray,,,,,
21/07/2020,Double Jeopardy,1999,8,6.5,105,Crime,Drama,Mystery,Thriller,,Bruce Beresford,,,David Weisberg,Douglas Cook,,Tommy Lee Jones,Ashley Judd,Benjamin Weir,Jay Brazeau,Bruce Greenwood,John Maclaren,Ed Evanko,Annabeth Gish,Bruce Campbell,Brennan Elliott,,,,,
24/07/2020,The Mule,2018,9,7.0,116,Crime,Drama,Thriller,,,Clint Eastwood,,,Nick Schenk,,Sam Dolnick,Clint Eastwood,Patrick L. Reyes,Cesar De León,Gustavo Muñoz,Jackie Prucha,Richard Herd,Adam Drescher,Christi McClintock,Keith Flippen,Alison Eastwood,,,,,
26/07/2020,Sherlock Holmes: A Game of Shadows,2011,7,7.4,129,Action,Adventure,Mystery,,,Guy Ritchie,,,Michele Mulroney,Kieran Mulroney,,Robert Downey Jr.,Jude Law,Noomi Rapace,Rachel McAdams,Jared Harris,Stephen Fry,Paul Anderson,Kelly Reilly,Geraldine James,Eddie Marsan,,,,,
12/11/2020,"Lock, Stock and Two Smoking Barrels",1998,8,8.1,107,Comedy,Crime,,,,Guy Ritchie,,,Guy Ritchie,,,Jason Flemyng,Dexter Fletcher,Nick Moran,Jason Statham,Steven Mackintosh,Nicholas Rowe,Nick Marcq,Charles Forbes,Vinnie Jones,Lenny McLean,,,,,
10/12/2020,The Man from U.N.C.L.E.,2015,7,7.2,116,Action,Adventure,Comedy,,,Guy Ritchie,,,Guy Ritchie,Lionel Wigram,,Henry Cavill,Armie Hammer,Alicia Vikander,Elizabeth Debicki,Luca Calvani,Sylvester Groth,Hugh Grant,Jared Harris,Christian Berkel,Misha Kuznetsov,,,,,
29/07/2020,Mudbound,2017,7,7.4,134,Drama,War,,,,Dee Rees,,,Virgil Williams,Dee Rees,,Carey Mulligan,Jason Clarke,Mary J. Blige,Rob Morgan,Jason Mitchell,Garrett Hedlund,Jonathan Banks,Frankie Smith,Kennedy Derosin,Joshua J. Williams,,,,,
31/07/2020,The Farewell,2019,7,7.5,100,Comedy,Drama,,,,Lulu Wang,,,Lulu Wang,,,Shuzhen Zhao,Awkwafina,X Mayo,Hong Lu,Hong Lin,Tzi Ma,Diana Lin,Yang Xuejian,Becca Khalil,Yongbo Jiang,,,,,
01/08/2020,Downfall,2004,7,8.2,156,Biography,Drama,History,War,,Oliver Hirschbiegel,,,Bernd Eichinger,,Joachim Fest,Bruno Ganz,Alexandra Maria Lara,Corinna Harfouch,Ulrich Matthes,Juliane Köhler,Heino Ferch,Christian Berkel,Matthias Habich,Thomas Kretschmann,Michael Mendl,,,,,
04/08/2020,Run All Night,2015,6,6.6,114,Action,Crime,Thriller,,,Jaume Collet-Serra,,,Brad Ingelsby,,,Liam Neeson,Ed Harris,Joel Kinnaman,Boyd Holbrook,Bruce McGill,Genesis Rodriguez,Vincent D'Onofrio,Lois Smith,Common,Beau Knapp,,,,,
07/08/2020,Motherless Brooklyn,2019,5,6.8,144,Crime,Drama,Mystery,,,Edward Norton,,,Edward Norton,,Jonathan Lethem,Edward Norton,Gugu Mbatha-Raw,Alec Baldwin,Willem Dafoe,Bruce Willis,Ethan Suplee,Cherry Jones,Bobby Cannavale,Dallas Roberts,Josh Pais,,,,,
08/08/2020,The First Purge,2018,6,5.2,97,Action,Horror,Sci-Fi,Thriller,,Gerard McMurray,,,James DeMonaco,,,Y'lan Noel,Lex Scott Davis,Joivan Wade,Mugga,Patch Darragh,Marisa Tomei,Luna Lauren Velez,Kristen Solis,Rotimi Paul,Mo McRae,,,,,
11/08/2020,Doctor Sleep,2019,8,7.3,152,Drama,Fantasy,Horror,Thriller,,Mike Flanagan,,,Mike Flanagan,,Stephen King,Ewan McGregor,Rebecca Ferguson,Kyliegh Curran,Cliff Curtis,Zahn McClarnon,Emily Alyn Lind,Selena Anduze,Robert Longstreet,Carel Struycken,Katie Parker,,,,,
14/08/2020,Ready Player One,2018,7,7.4,140,Action,Adventure,Sci-Fi,,,Steven Spielberg,,,Zak Penn,Ernest Cline,,Tye Sheridan,Olivia Cooke,Ben Mendelsohn,Lena Waithe,T.J. Miller,Simon Pegg,Mark Rylance,Philip Zhao,Win Morisaki,Hannah John-Kamen,,,,,
16/08/2020,No Country for Old Men,2007,8,8.2,122,Crime,Drama,Thriller,,,Ethan Coen,Joel Coen,,Joel Coen,Ethan Coen,,Tommy Lee Jones,Javier Bardem,Josh Brolin,Woody Harrelson,Kelly Macdonald,Garret Dillahunt,Tess Harper,Barry Corbin,Stephen Root,Rodger Boyce,,,,,
21/08/2020,Atonement,2007,7,7.8,123,Drama,Mystery,Romance,War,,Joe Wright,,,Ian McEwan,,Christopher Hampton,Saoirse Ronan,Ailidh Mackay,Brenda Blethyn,Julia West,James McAvoy,Harriet Walter,Keira Knightley,Juno Temple,Felix von Simson,Charlie von Simson,,,,,
22/08/2020,The Way Back,2020,7,6.7,108,Drama,Sport,,,,Gavin O'Connor,,,Brad Ingelsby,,,Ben Affleck,Al Madrigal,Janina Gavankar,Michaela Watkins,Brandon Wilson,Will Ropp,Fernando Luis Vega,Charles Lott Jr.,Melvin Gregg,Ben Irving,,,,,
27/08/2020,The Ides of March,2011,8,7.1,101,Drama,Thriller,,,,George Clooney,,,George Clooney,Grant Heslov,Beau Willimon,Ryan Gosling,George Clooney,Philip Seymour Hoffman,Paul Giamatti,Evan Rachel Wood,Marisa Tomei,Jeffrey Wright,Max Minghella,Jennifer Ehle,Gregory Itzin,,,,,
28/08/2020,Okja,2017,6,7.3,120,Action,Adventure,Drama,Sci-Fi,,Bong Joon Ho,,,Bong Joon Ho,Jon Ronson,,Tilda Swinton,Paul Dano,Ahn Seo-hyun,Byun Hee-Bong,Steven Yeun,Lily Collins,Yun Je-mun,Shirley Henderson,Daniel Henshall,Devon Bostick,,,,,
29/08/2020,15 Minutes,2001,6,6.1,120,Action,Crime,Drama,Thriller,,John Herzfeld,,,John Herzfeld,,,Robert De Niro,Edward Burns,Kelsey Grammer,Avery Brooks,Melina Kanakaredes,Karel Roden,Oleg Taktarov,Vera Farmiga,John DiResta,James Handy,,,,,
02/09/2020,The Big Lebowski,1998,8,8.1,117,Comedy,Crime,,,,Joel Coen,Ethan Coen,,Ethan Coen,Joel Coen,,Jeff Bridges,John Goodman,Julianne Moore,Steve Buscemi,David Huddleston,Philip Seymour Hoffman,Tara Reid,Philip Moon,Mark Pellegrino,Peter Stormare,,,,,
04/09/2020,Sicario: Day of the Soldado,2018,6,7.1,122,Action,Crime,Drama,Mystery,Thriller,Stefano Sollima,,,Taylor Sheridan,,,Benicio Del Toro,Josh Brolin,Isabela Merced,Jeffrey Donovan,Catherine Keener,Manuel Garcia-Rulfo,Matthew Modine,Shea Whigham,Elijah Rodriguez,Howard Ferguson Jr.,,,,,
05/09/2020,Seven Pounds,2008,8,7.6,123,Drama,Mystery,Thriller,,,Gabriele Muccino,,,Grant Nieporte,,,Will Smith,Rosario Dawson,Woody Harrelson,Michael Ealy,Barry Pepper,Elpidia Carrillo,Robinne Lee,Joe Nunez,Bill Smitrovich,Tim Kelleher,,,,,
09/09/2020,The International,2009,6,6.5,118,Action,Crime,Drama,Mystery,Thriller,Tom Tykwer,,,Eric Warren Singer,,,Clive Owen,Naomi Watts,Armin Mueller-Stahl,Ulrich Thomsen,Brían F. O'Byrne,Michel Voletti,Patrick Baladi,Jay Villiers,Fabrice Scott,Haluk Bilginer,,,,,
12/09/2020,The Meg,2018,5,5.7,113,Action,Horror,Sci-Fi,Thriller,,Jon Turteltaub,,,Dean Georgaris,Jon Hoeber,Erich Hoeber,Jason Statham,Bingbing Li,Rainn Wilson,Cliff Curtis,Winston Chao,Shuya Sophia Cai,Ruby Rose,Page Kennedy,Robert Taylor,Ólafur Darri Ólafsson,,,,,
13/09/2020,The Maze Runner,2014,8,6.8,113,Action,Mystery,Sci-Fi,Thriller,,Wes Ball,,,Noah Oppenheim,Grant Pierce Myers,T.S. Nowlin,Dylan O'Brien,Aml Ameen,Ki Hong Lee,Blake Cooper,Thomas Brodie-Sangster,Will Poulter,Dexter Darden,Kaya Scodelario,Chris Sheffield,Joe Adler,,,,,
18/09/2020,The Jacket,2005,6,7.1,103,Drama,Fantasy,Mystery,Sci-Fi,Thriller,John Maybury,,,Tom Bleecker,Marc Rocco,,Adrien Brody,Keira Knightley,Kris Kristofferson,Jennifer Jason Leigh,Kelly Lynch,Brad Renfro,Daniel Craig,Steven Mackintosh,Brendan Coyle,Mackenzie Phillips,,,,,
20/09/2020,The Aeronauts,2019,8,6.6,100,Action,Adventure,Drama,Romance,,Tom Harper,,,Richard Holmes,,Tom Harper,Felicity Jones,Vincent Perez,Phoebe Fox,Lewin Lloyd,Himesh Patel,Eddie Redmayne,Robert Glenister,Tim McInnerny,Thomas Arnold,Tom Courtenay,,,,,
21/09/2020,The Dawn Wall,2017,9,8.1,100,Documentary,Biography,Sport,,,Josh Lowell,Peter Mortimer,,,,,John Branch,Tommy Caldwell,Kevin Jorgeson,,,,,,,,,,,,
25/09/2020,East Side Sushi,2014,7,7.1,106,Comedy,Drama,Family,,,Anthony Lucero,,,Anthony Lucero,,,Diana Elizabeth Torres,Yutaka Takeuchi,Rodrigo Duarte Clark,Kaya Jade Aguirre,Roji Oyama,Miyoko Sakatani,Lane Nishikawa,Melissa Locsin,James J. Der Jr.,Bartholomew Wang,,,,,
26/09/2020,A Star Is Born,2018,7,7.6,136,Drama,Music,Romance,,,Bradley Cooper,,,Eric Roth,Bradley Cooper,Will Fetters,Lady Gaga,Bradley Cooper,Sam Elliott,Andrew Dice Clay,Rafi Gavron,Anthony Ramos,Dave Chappelle,Alec Baldwin,Marlon Williams,Brandi Carlile,,,,,
02/10/2020,Big Fish,2003,9,8.0,125,Adventure,Drama,Fantasy,Romance,,Tim Burton,,,Daniel Wallace,,John August,Ewan McGregor,Albert Finney,Billy Crudup,Jessica Lange,Helena Bonham Carter,Alison Lohman,Robert Guillaume,Marion Cotillard,Matthew McGrory,David Denman,,,,,
03/10/2020,The Report,2019,8,7.2,119,Biography,Crime,Drama,History,Thriller,Scott Z. Burns,,,Scott Z. Burns,,,Adam Driver,Corey Stoll,Evander Duck Jr.,Jon Hamm,Linda Powell,Annette Bening,Sandra Landers,John Rothman,Victor Slezak,Guy Boyd,,,,,
09/10/2020,Enola Holmes,2020,6,6.6,123,Adventure,Crime,Drama,Mystery,,Harry Bradbeer,,,Jack Thorne,,Nancy Springer,Millie Bobby Brown,Henry Cavill,Sam Claflin,Helena Bonham Carter,Louis Partridge,Burn Gorman,Adeel Akhtar,Susan Wokoma,Hattie Morahan,David Bamber,,,,,
10/10/2020,#Alive,2020,5,6.3,98,Action,Drama,Horror,Thriller,,Il Cho,,,Il Cho,,Matt Naylor,Yoo Ah-in,Park Shin-hye,Jeon Bae-soo,Lee Hyun-wook,Oh Hye-won,Jeon Woon-jong,Lee Kyu-ho,Lee Chae-kyung,Kyeong-won Son,Yun-ho Park,,,,,
12/10/2020,The Social Dilemma,2020,7,7.6,94,Documentary,Drama,,,,Jeff Orlowski-Yang,,,Vickie Curtis,Davis Coombe,Jeff Orlowski-Yang,Tristan Harris,Jeff Seibert,Bailey Richardson,Joe Toscano,Sandy Parakilas,Guillaume Chaslot,Lynn Fox,Aza Raskin,Alex Roetter,Tim Kendall,,,,,
17/10/2020,The Peanut Butter Falcon,2019,7,7.6,97,Adventure,Comedy,Drama,,,Tyler Nilson,Michael Schwartz,,Tyler Nilson,Michael Schwartz,,Zack Gottsagen,Ann Pierce,Dakota Johnson,Bruce Dern,Shia LaBeouf,Thomas Haden Church,Rob Thomas,Jon Bernthal,Tim Zajaros,John Hawkes,,,,,
18/10/2020,The Old Man & the Gun,2018,6,6.7,93,Biography,Comedy,Crime,Drama,Romance,David Lowery,,,David Lowery,,David Grann,Robert Redford,Casey Affleck,Sissy Spacek,Danny Glover,Tom Waits,Tika Sumpter,Ari Elizabeth Johnson,Teagan Johnson,Gene Jones,John David Washington,,,,,
21/10/2020,The Founder,2016,7,7.2,115,Biography,Drama,,,,John Lee Hancock,,,Robert Siegel,,,Michael Keaton,Nick Offerman,John Carroll Lynch,Linda Cardellini,B.J. Novak,Laura Dern,Justin Randell Brooke,Kate Kneeland,Patrick Wilson,Griff Furst,,,,,
23/10/2020,The Devil All the Time,2020,6,7.1,138,Crime,Drama,Thriller,,,Antonio Campos,,,Antonio Campos,Paulo Campos,,Bill Skarsgård,Tom Holland,Banks Repeta,Emilio Subercaseaux Campos,Haley Bennett,Kristin Griffith,Sebastian Stan,Riley Keough,Jason Clarke,Harry Melling,,,,,
24/10/2020,The Assistant,2019,6,6.3,87,Drama,,,,,Kitty Green,,,Kitty Green,,,Julia Garner,Owen Holland,Jon Orsini,Rory Kulz,Migs Govea,Daoud Heidami,Ben Maters,Noah Robbins,Tony Torn,Dagmara Dominczyk,,,,,
26/10/2020,My Octopus Teacher,2020,7,8.1,85,Documentary,Drama,,,,Pippa Ehrlich,James Reed,,Pippa Ehrlich,James Reed,,Craig Foster,Tom Foster,,,,,,,,,,,,,
28/10/2020,All the Money in the World,2017,6,6.8,132,Biography,Crime,Drama,History,Mystery,Ridley Scott,,,David Scarpa,,John Pearson,Michelle Williams,Christopher Plummer,Mark Wahlberg,Romain Duris,Timothy Hutton,Charlie Plummer,Charlie Shotwell,Andrew Buchan,Marco Leonardi,Giuseppe Bonifati,,,,,
04/11/2020,Rebecca,2020,6,6.0,123,Drama,Mystery,Romance,Thriller,,Ben Wheatley,,,Jane Goldman,Joe Shrapnel,Anna Waterhouse,Lily James,Jacques Bouanich,Marie Collins,Ann Dowd,Kristin Scott Thomas,Armie Hammer,Jean Dell,Sophie Payan,Pippa Winslow,Lucy Russell,,,,,
06/11/2020,The Purge,2013,6,5.8,85,Horror,Sci-Fi,Thriller,,,James DeMonaco,,,James DeMonaco,,,Ethan Hawke,Lena Headey,Max Burkholder,Adelaide Kane,Edwin Hodge,Rhys Wakefield,Tony Oller,Arija Bareikis,Tom Yi,Chris Mulkey,,,,,
08/11/2020,Free Solo,2018,8,8.1,100,Documentary,Adventure,Sport,,,Jimmy Chin,Elizabeth Chai Vasarhelyi,,,,,Alex Honnold,Tommy Caldwell,Jimmy Chin,Cheyne Lempe,Mikey Schaefer,Sanni McCandless,Dierdre Wolownick,Peter Croft,John Bachar,Derek Hersey,,,,,
15/11/2020,Water for Elephants,2011,8,6.9,122,Drama,Romance,,,,Francis Lawrence,,,Richard LaGravenese,,Sara Gruen,Reese Witherspoon,Robert Pattinson,Christoph Waltz,Paul Schneider,Jim Norton,Hal Holbrook,Mark Povinelli,Richard Brake,Stephen Monroe Taylor,Ken Foree,,,,,
21/11/2020,Happy Death Day 2U,2019,7,6.2,100,Comedy,Horror,Mystery,Sci-Fi,Thriller,Christopher Landon,,,Christopher Landon,,Scott Lobdell,Jessica Rothe,Israel Broussard,Phi Vu,Suraj Sharma,Sarah Yarkin,Rachel Matthews,Ruby Modine,Steve Zissis,Charles Aitken,Laura Clifton,,,,,
20/11/2020,Tenet,2020,5,7.3,150,Action,Sci-Fi,Thriller,,,Christopher Nolan,,,Christopher Nolan,,,Juhan Ulfsak,Jefferson Hall,Ivo Uukkivi,Andrew Howard,John David Washington,Rich Ceraulo Ko,Jonathan Camp,Wes Chatham,Sander Rebane,Martin Donovan,,,,,
25/11/2020,Palm Springs,2020,8,7.4,90,Comedy,Fantasy,Mystery,Romance,,Max Barbakow,,,Andy Siara,,Max Barbakow,Andy Samberg,Cristin Milioti,J.K. Simmons,Peter Gallagher,Meredith Hagner,Camila Mendes,Tyler Hoechlin,Chris Pang,Jacqueline Obradors,June Squibb,,,,,
28/11/2020,Cube,1997,6,7.1,90,Horror,Mystery,Sci-Fi,,,Vincenzo Natali,,,André Bijelic,Vincenzo Natali,Graeme Manson,Nicole de Boer,Nicky Guadagni,David Hewlett,Andrew Miller,Julian Richings,Wayne Robson,Maurice Dean Wint,,,,,,,,
04/12/2020,Luce,2019,7,6.6,109,Drama,Mystery,Thriller,,,Julius Onah,,,J.C. Lee,Julius Onah,,Naomi Watts,Octavia Spencer,Kelvin Harrison Jr.,Tim Roth,Norbert Leo Butz,Andrea Bang,Marsha Stephanie Blake,Astro,Omar Shariff Brunson Jr.,Noah Gaynor,,,,,
11/12/2020,The Call,2020,8,7.1,112,Crime,Horror,Mystery,Sci-Fi,Thriller,Chung-Hyun Lee,,,Sergio Casci,,Chung-Hyun Lee,Park Shin-hye,Jeon Jong-seo,Kim Sung-ryung,Lee El,Park Ho-san,Um Chae-young,Moon Chang-gil,Lee Dong-hwi,Oh Jung-se,Minha Kim,,,,,
12/12/2020,Last Flag Flying,2017,9,6.9,125,Comedy,Drama,War,,,Richard Linklater,,,Richard Linklater,Darryl Ponicsan,,Bryan Cranston,Laurence Fishburne,Steve Carell,J. Quinton Johnson,Deanna Reed-Foster,Yul Vazquez,Graham Wolfe,Jeff Monahan,Dontez James,Tammy Tsai,,,,,
20/12/2020,The Dry,2020,7,6.8,117,Crime,Drama,Mystery,Thriller,,Robert Connolly,,,Harry Cripps,Robert Connolly,,Eric Bana,Genevieve O'Reilly,Keir O'Donnell,John Polson,Julia Blake,Bruce Spence,William Zappa,Matt Nable,James Frecheville,Jeremy Lindsay Taylor,,,,,
21/12/2020,Akira,1988,8,8.0,124,Animation,Drama,Fantasy,Sci-Fi,,Katsuhiro Ôtomo,,,Katsuhiro Ôtomo,Izô Hashimoto,,Mitsuo Iwata,Nozomu Sasaki,Mami Koyama,Tesshô Genda,Hiroshi Ôtake,Kôichi Kitamura,Michihiro Ikemizu,Yuriko Fuchizaki,Masaaki Ôkura,Tarô Arakawa,,,,,
27/12/2020,The Host,2006,5,7.1,120,Drama,Horror,Sci-Fi,,,Bong Joon Ho,,,Bong Joon Ho,Won-jun Ha,Chul-hyun Baek,Song Kang-ho,Byun Hee-Bong,Park Hae-il,Bae Doona,Ko Ah-sung,Oh Dal-su,Lee Jae-eung,Dong-ho Lee,Yun Je-mun,Pil-sung Yim,,,,,
29/12/2020,8 Mile,2002,7,7.2,110,Drama,Music,,,,Curtis Hanson,,,Scott Silver,,,Eminem,Kim Basinger,Mekhi Phifer,Brittany Murphy,Evan Jones,Omar Benson Miller,De'Angelo Wilson,Eugene Byrd,Taryn Manning,Larry Hudson,,,,,
30/12/2020,Die Hard,1988,8,8.2,132,Action,Thriller,,,,John McTiernan,,,Roderick Thorp,,Jeb Stuart,Bruce Willis,Bonnie Bedelia,Reginald VelJohnson,Paul Gleason,De'voreaux White,William Atherton,Hart Bochner,James Shigeta,Alan Rickman,Alexander Godunov,,,,,
31/12/2020,Sorry to Bother You,2018,5,6.9,112,Comedy,Drama,Fantasy,Sci-Fi,,Boots Riley,,,Boots Riley,,,LaKeith Stanfield,Tessa Thompson,Jermaine Fowler,Omari Hardwick,Terry Crews,Kate Berlant,Michael X. Sommers,Danny Glover,Steven Yeun,Armie Hammer,,,,,
31/12/2020,Ip Man,2008,8,8.0,106,Action,Biography,Drama,War,,Wilson Yip,,,Edmond Wong,,Tai-Lee Chan,Donnie Yen,Simon Yam,Lynn Xiong,Hiroyuki Ikeuchi,Ka-Tung Lam,Louis Fan,Xing Yu,You-Nam Wong,Yu-Hang To,Calvin Ka-Sing Cheng,,,,,
06/01/2021,SOMM,2012,7,7.0,94,Documentary,,,,,Jason Wise,,,Jason Wise,,,Bo Barrett,Shayn Bjornholm,Dave Cauble,Ian Cauble,Andrea Cecci,Fred Dame,Elizabeth Dowty,Whitney Fisher,Jay Fletcher,Jean Marie Fourrier,,,,,
09/01/2021,L.A. Confidential,1997,8,8.2,138,Crime,Drama,Mystery,Thriller,,Curtis Hanson,,,James Ellroy,,Brian Helgeland,Kevin Spacey,Russell Crowe,Guy Pearce,James Cromwell,Kim Basinger,Danny DeVito,David Strathairn,Ron Rifkin,Matt McCoy,Paul Guilfoyle,,,,,
13/01/2021,Pieces of a Woman,2020,6,7.0,126,Drama,,,,,Kornél Mundruczó,,,Kata Wéber,,,Vanessa Kirby,Shia LaBeouf,Ellen Burstyn,Iliza Shlesinger,Benny Safdie,Sarah Snook,Molly Parker,Steven McCarthy,Tyrone Benskin,Frank Schorpion,,,,,
16/01/2021,The Departed,2006,9,8.5,151,Crime,Drama,Thriller,,,Martin Scorsese,,,William Monahan,,Alan Mak,Leonardo DiCaprio,Matt Damon,Jack Nicholson,Mark Wahlberg,Martin Sheen,Ray Winstone,Vera Farmiga,Anthony Anderson,Alec Baldwin,Kevin Corrigan,,,,,
21/01/2021,The Paramedic,2020,6,5.7,94,Crime,Drama,Thriller,,,Carles Torras,,,Rebeca Arnal,,David Desola,Mario Casas,Déborah François,Guillermo Pfening,Maria Rodríguez Soto,Celso Bugallo,Raúl Jiménez,Pol Monen,Alice Bocchi,Martin Bacigalupo,Gerard Oms,,,,,
22/01/2021,Promising Young Woman,2020,7,7.5,113,Crime,Drama,Mystery,Thriller,,Emerald Fennell,,,Emerald Fennell,,,Adam Brody,Ray Nicholson,Sam Richardson,Carey Mulligan,Timothy E. Goodwin,Clancy Brown,Jennifer Coolidge,Laverne Cox,Alli Hart,Loren Paul,,,,,
23/01/2021,Mr. Brooks,2007,7,7.3,120,Crime,Drama,Mystery,Thriller,,Bruce A. Evans,,,Bruce A. Evans,Raynold Gideon,,Kevin Costner,Demi Moore,Dane Cook,William Hurt,Marg Helgenberger,Ruben Santiago-Hudson,Danielle Panabaker,Aisha Hinds,Lindsay Crouse,Jason Lewis,,,,,
29/01/2021,The Untouchables,1987,7,7.8,119,Crime,Drama,Thriller,,,Brian De Palma,,,David Mamet,,Oscar Fraley,Kevin Costner,Sean Connery,Charles Martin Smith,Andy Garcia,Robert De Niro,Richard Bradford,Jack Kehoe,Brad Sullivan,Billy Drago,Patricia Clarkson,,,,,
06/02/2021,The Illusionist,2006,7,7.5,110,Drama,Fantasy,Mystery,Romance,Thriller,Neil Burger,,,Neil Burger,,Steven Millhauser,Edward Norton,Paul Giamatti,Jessica Biel,Rufus Sewell,Eddie Marsan,Jake Wood,Tom Fisher,Aaron Taylor-Johnson,Eleanor Tomlinson,Karl Johnson,,,,,
11/02/2021,Blackfish,2013,8,8.1,83,Documentary,Drama,Horror,Thriller,,Gabriela Cowperthwaite,,,Gabriela Cowperthwaite,Eli B. Despres,,Tilikum,John Hargrove,Samantha Berg,Mark Simmons,Kim Ashdown,Dean Gomersall,James Earl Jones,Shamu,Carol Ray,John Jett,,,,,
12/02/2021,The Red Sea Diving Resort,2019,6,6.6,129,Drama,History,Thriller,,,Gideon Raff,,,Gideon Raff,,,Mbulelo Grootboom,Sizo Mahlangu,Michael Kenneth Williams,Masasa Mbangeni,Setlhabi Jacob Taunyane,Ditebogo Ledwaba,Motsi Tekateka,Reabetswe Modiga,Taye Tagese Leimango,Alessandro Nivola,,,,,
13/02/2021,The Foreigner,2017,7,7.0,113,Action,Crime,Thriller,,,Martin Campbell,,,David Marconi,,Stephen Leather,Katie Leung,Jackie Chan,Rufus Jones,Mark Tandy,John Cronin,Caolan Byrne,Donna Bernard,Aaron Monaghan,Niall McNamee,Pierce Brosnan,,,,,
14/02/2021,Moulin Rouge!,2001,9,7.6,127,Drama,Musical,Romance,,,Baz Luhrmann,,,Baz Luhrmann,Craig Pearce,,Nicole Kidman,Ewan McGregor,John Leguizamo,Jim Broadbent,Richard Roxburgh,Garry McDonald,Jacek Koman,Matthew Whittet,Kerry Walker,Caroline O'Connor,,,,,
17/02/2021,Death to 2020,2020,7,6.8,70,Comedy,,,,,Al Campbell,Alice Mathias,,Charlie Brooker,Annabel Jones,,Samuel L. Jackson,Hugh Grant,Lisa Kudrow,Kumail Nanjiani,Tracey Ullman,Samson Kayo,Leslie Jones,Diane Morgan,Cristin Milioti,Joe Keery,,,,,
19/02/2021,Argo,2012,8,7.7,120,Biography,Drama,History,Thriller,,Ben Affleck,,,Chris Terrio,,Tony Mendez,Ben Affleck,Bryan Cranston,Alan Arkin,John Goodman,Victor Garber,Tate Donovan,Clea DuVall,Scoot McNairy,Rory Cochrane,Christopher Denham,,,,,
21/02/2021,Moneyball,2011,7,7.6,133,Biography,Drama,Sport,,,Bennett Miller,,,Steven Zaillian,Aaron Sorkin,,Brad Pitt,Jonah Hill,Philip Seymour Hoffman,Robin Wright,Chris Pratt,Stephen Bishop,Reed Diamond,Brent Jennings,Ken Medlock,Tammy Blanchard,,,,,
27/02/2021,Us,2019,9,6.8,116,Horror,Mystery,Thriller,,,Jordan Peele,,,Jordan Peele,,,Lupita Nyong'o,Winston Duke,Elisabeth Moss,Tim Heidecker,Shahadi Wright Joseph,Evan Alex,Yahya Abdul-Mateen II,Anna Diop,Cali Sheldon,Noelle Sheldon,,,,,
28/02/2021,Synchronic,2019,5,6.2,102,Drama,Horror,Mystery,Sci-Fi,Thriller,Justin Benson,Aaron Moorhead,,Justin Benson,,,Anthony Mackie,Jamie Dornan,Katie Aselton,Ally Ioannides,Ramiz Monsef,Bill Oberst Jr.,Betsy Holt,Shane Brady,Kate Adair,Matthew Underwood,,,,,
02/03/2021,What Dreams May Come,1998,7,7.0,113,Drama,Fantasy,Romance,,,Vincent Ward,,,Richard Matheson,,Ron Bass,Robin Williams,Cuba Gooding Jr.,Annabella Sciorra,Max von Sydow,Jessica Brooks Grant,Josh Paddock,Rosalind Chao,Lucinda Jenney,Maggie McCarthy,Wilma Bonet,,,,,
08/03/2021,Last Action Hero,1993,6,6.5,130,Action,Adventure,Comedy,Fantasy,,John McTiernan,,,Zak Penn,Adam Leff,,Arnold Schwarzenegger,F. Murray Abraham,Art Carney,Charles Dance,Frank McRae,Tom Noonan,Robert Prosky,Anthony Quinn,Mercedes Ruehl,Austin O'Brien,,,,,
12/03/2021,Ford v Ferrari,2019,9,8.1,152,Action,Biography,Drama,Sport,,James Mangold,,,Jez Butterworth,John-Henry Butterworth,Jason Keller,Matt Damon,Christian Bale,Jon Bernthal,Caitríona Balfe,Josh Lucas,Noah Jupe,Tracy Letts,Remo Girone,Ray McKinnon,JJ Feild,,,,,
20/03/2021,Predestination,2014,8,7.4,97,Action,Drama,Sci-Fi,Thriller,,Michael Spierig,Peter Spierig,,Michael Spierig,Peter Spierig,,Ethan Hawke,Sarah Snook,Christopher Kirby,Christopher Sommers,Kuni Hashimoto,Sara El-Yafi,Paul Moder,Grant Piro,Christopher Bunworth,Jamie Gleeson,,,,,
25/03/2021,The World's End,2013,5,6.9,109,Action,Comedy,Sci-Fi,,,Edgar Wright,,,Simon Pegg,Edgar Wright,,Thomas Law,Zachary Bailess,Jasper Levine,James Tarpey,Luke Bromley,Sophie Evans,Samantha White,Rose Reynolds,Richard Hadfield,Flora Slorach,,,,,
27/03/2021,Memories of Murder,2003,8,8.1,131,Crime,Drama,Mystery,Thriller,,Bong Joon Ho,,,Bong Joon Ho,,Kwang-rim Kim,Song Kang-ho,Kim Sang-kyung,Kim Roe-ha,Song Jae-ho,Byun Hee-Bong,Ko Seo-hie,Ryu Tae-ho,Park No-shik,Park Hae-il,Jeon Mi-seon,,,,,
31/03/2021,Crawl,2019,7,6.1,87,Action,Horror,Thriller,,,Alexandre Aja,,,Michael Rasmussen,Shawn Rasmussen,,Kaya Scodelario,Barry Pepper,Morfydd Clark,Ross Anderson,Jose Palma,George Somner,Anson Boon,Ami Metcalf,Tina Pribicevic,Srna Vasiljevic,,,,,
01/04/2021,Hachi: A Dog's Tale,2009,7,8.1,93,Biography,Drama,Family,,,Lasse Hallström,,,Stephen P. Lindsey,,Kaneto Shindô,Richard Gere,Joan Allen,Cary-Hiroyuki Tagawa,Sarah Roemer,Jason Alexander,Erick Avari,Davenia McFadden,Robbie Sublett,Kevin DeCoste,Rob Degnan,,,,,
02/04/2021,The Assassination of Jesse James by the Coward Robert Ford,2007,8,7.5,160,Biography,Crime,Drama,History,Western,Andrew Dominik,,,Andrew Dominik,,Ron Hansen,Brad Pitt,Mary-Louise Parker,Brooklynn Proulx,Dustin Bollinger,Casey Affleck,Sam Rockwell,Jeremy Renner,Sam Shepard,Garret Dillahunt,Paul Schneider,,,,,
03/04/2021,Nobody,2021,7,7.4,92,Action,Crime,Drama,Thriller,,Ilya Naishuller,,,Derek Kolstad,,,Bob Odenkirk,Aleksey Serebryakov,Connie Nielsen,Christopher Lloyd,Michael Ironside,Colin Salmon,RZA,Billy MacLellan,Araya Mengesha,Gage Munroe,,,,,
04/04/2021,The Green Mile,1999,8,8.6,189,Crime,Drama,Fantasy,Mystery,,Frank Darabont,,,Stephen King,,Frank Darabont,Tom Hanks,David Morse,Bonnie Hunt,Michael Clarke Duncan,James Cromwell,Michael Jeter,Graham Greene,Doug Hutchison,Sam Rockwell,Barry Pepper,,,,,
05/04/2021,6 Underground,2019,5,6.1,128,Action,Thriller,,,,Michael Bay,,,Paul Wernick,Rhett Reese,,Ryan Reynolds,Mélanie Laurent,Manuel Garcia-Rulfo,Ben Hardy,Adria Arjona,Dave Franco,Corey Hawkins,Lior Raz,Payman Maadi,Yuri Kolokolnikov,,,,,
09/04/2021,Steve Jobs,2015,7,7.2,122,Biography,Drama,,,,Danny Boyle,,,Aaron Sorkin,,Walter Isaacson,Michael Fassbender,Kate Winslet,Seth Rogen,Jeff Daniels,Michael Stuhlbarg,Katherine Waterston,Perla Haney-Jardine,Ripley Sobo,Makenzie Moss,Sarah Snook,,,,,
12/04/2021,Ip Man 2,2010,7,7.5,108,Action,Biography,Drama,History,,Wilson Yip,,,Tai-Lee Chan,,Hiu-Yan Choi,Donnie Yen,Xiaoming Huang,Sammo Kam-Bo Hung,Lynn Xiong,Kent Cheng,Darren Shahlavi,Yu-Hang To,Charles Mayer,Ka-nin Ngo,Calvin Ka-Sing Cheng,,,,,
14/04/2021,Little White Lies,2010,7,7.1,154,Comedy,Drama,,,,Guillaume Canet,,,Guillaume Canet,,,François Cluzet,Marion Cotillard,Benoît Magimel,Gilles Lellouche,Jean Dujardin,Laurent Lafitte,Valérie Bonneton,Pascale Arbillot,Anne Marivin,Louise Monot,,,,,
16/04/2021,Project X,2012,6,6.7,88,Comedy,,,,,Nima Nourizadeh,,,Matt Drake,Michael Bacall,,Thomas Mann,Oliver Cooper,Jonathan Daniel Brown,Dax Flame,Kirby Bliss Blanton,Brady Hender,Nick Nervies,Alexis Knapp,Miles Teller,Peter Mackenzie,,,,,
17/04/2021,Searching,2018,8,7.6,102,Drama,Mystery,Thriller,,,Aneesh Chaganty,,,Aneesh Chaganty,Sev Ohanian,,John Cho,Sara Sohn,Alex Jayne Go,Megan Liu,Kya Dawn Lau,Michelle La,Joseph Lee,Dominic Hoffman,Sylvia Minassian,Melissa Disney,,,,,
19/04/2021,The Mauritanian,2021,7,7.5,129,Biography,Crime,Drama,History,Thriller,Kevin Macdonald,,,Michael Bronner,Rory Haines,Sohrab Noshirvani,Tahar Rahim,Nouhe Hamady Bari,Saadna Hamoud,Mohamed Yeslem Mousse,Mohamed Abderrahmane Arava,Aly Deyde,El Hocine Aba,Baya Belal,Baba Mine,Lemrabott Zeine Sidamar,,,,,
23/04/2021,The Lodge,2019,6,6.0,108,Drama,Horror,Mystery,Thriller,,Severin Fiala,Veronika Franz,,Sergio Casci,Veronika Franz,Severin Fiala,Riley Keough,Jaeden Martell,Lia McHugh,Richard Armitage,Alicia Silverstone,Danny Keough,Lola Skye Reid,Philippe Ménard,Jarred Atkin,Wally the Dog,,,,,
24/04/2021,Mother,2009,7,7.7,129,Crime,Drama,Mystery,Thriller,,Bong Joon Ho,,,Bong Joon Ho,,Park Eun-kyo,Kim Hye-ja,Won Bin,Jin Goo,Yun Je-mun,Jeon Mi-seon,Song Sae-byeok,Lee Yeong-seok,Hee-ra Mun,Chun Woo-hee,Byoung-Soon Kim,,,,,
30/04/2021,King Arthur: Legend of the Sword,2017,9,6.7,126,Action,Adventure,Drama,Fantasy,,Guy Ritchie,,,Joby Harold,Guy Ritchie,Lionel Wigram,Charlie Hunnam,Astrid Bergès-Frisbey,Jude Law,Djimon Hounsou,Eric Bana,Aidan Gillen,Freddie Fox,Craig McGinlay,Tom Wu,Kingsley Ben-Adir,,,,,
01/05/2021,The Age of Adaline,2015,7,7.2,112,Drama,Fantasy,Romance,,,Lee Toland Krieger,,,J. Mills Goodloe,Salvador Paskowitz,,Blake Lively,Michiel Huisman,Harrison Ford,Ellen Burstyn,Kathy Baker,Amanda Crew,Lynda Boyd,Hugh Ross,Richard Harmon,Fulvio Cecere,,,,,
03/05/2021,Seaspiracy,2021,7,8.1,89,Documentary,Adventure,,,,Ali Tabrizi,,,,,,Ali Tabrizi,Richard O'Barry,Lucy Tabrizi,Lori Marino,Tamara Arenovich,Paul de Gelder,Callum Roberts,Gary Stokes,Peter Hammarstedt,Lamya Essemlali,,,,,
04/05/2021,American Hustle,2013,7,7.2,138,Crime,Drama,,,,David O. Russell,,,Eric Warren Singer,David O. Russell,,Christian Bale,Bradley Cooper,Amy Adams,Jeremy Renner,Jennifer Lawrence,Louis C.K.,Jack Huston,Michael Peña,Shea Whigham,Alessandro Nivola,,,,,
08/05/2021,Two Hands,1999,7,7.1,103,Comedy,Crime,Thriller,,,Gregor Jordan,,,Gregor Jordan,,,Heath Ledger,Bryan Brown,David Field,Tom Long,Tony Forrow,Steven Vidler,Dale Kalnins,Kiri Paramore,Bill Drury,David Moeaki,,,,,
09/05/2021,Maze Runner: The Scorch Trials,2015,6,6.3,131,Action,Adventure,Sci-Fi,Thriller,,Wes Ball,,,T.S. Nowlin,,James Dashner,Dylan O'Brien,Ki Hong Lee,Kaya Scodelario,Thomas Brodie-Sangster,Dexter Darden,Alexander Flores,Jacob Lofland,Rosa Salazar,Giancarlo Esposito,Patricia Clarkson,,,,,
13/05/2021,Stowaway,2021,6,5.7,116,Adventure,Sci-Fi,Thriller,,,Joe Penna,,,Joe Penna,Ryan Morrison,,Anna Kendrick,Daniel Dae Kim,Shamier Anderson,Toni Collette,Dan Barry,Scott Manley,,,,,,,,,
14/05/2021,The Father,2020,8,8.2,97,Drama,Mystery,,,,Florian Zeller,,,Christopher Hampton,Florian Zeller,,Olivia Colman,Anthony Hopkins,Mark Gatiss,Olivia Williams,Imogen Poots,Rufus Sewell,Ayesha Dharker,Roman Zeller,Adnan Kundi,Brian Rodger,,,,,
16/05/2021,Sleepers,1996,9,7.5,147,Crime,Drama,Thriller,,,Barry Levinson,,,Lorenzo Carcaterra,,Barry Levinson,Kevin Bacon,Billy Crudup,Robert De Niro,Ron Eldard,Minnie Driver,Vittorio Gassman,Dustin Hoffman,Terry Kinney,Bruno Kirby,Frank Medrano,Brad Pitt,,,,
20/05/2021,Spy Game,2001,7,7.1,126,Action,Crime,Thriller,,,Tony Scott,,,Michael Frost Beckner,,Michael Frost Beckner,Robert Redford,Brad Pitt,Catherine McCormack,Stephen Dillane,Larry Bryggman,Marianne Jean-Baptiste,Matthew Marsh,Todd Boyce,Michael Paul Chan,Garrick Hagon,,,,,
22/05/2021,Another Round,2020,8,7.7,117,Comedy,Drama,,,,Thomas Vinterberg,,,Thomas Vinterberg,Tobias Lindholm,,Mads Mikkelsen,Thomas Bo Larsen,Magnus Millang,Lars Ranthe,Maria Bonnevie,Helene Reingaard Neumann,Susse Wold,Magnus Sjørup,Silas Cornelius Van,Albert Rudbeck Lindhardt,,,,,
23/05/2021,Triggered,2020,4,4.8,94,Action,Comedy,Horror,Thriller,,Alastair Orr,,,David D. Jones,,David D. Jones,Reine Swart,Russell Crous,Liesl Ahlers,Cameron Scott,Steven John Ward,Paige Bonnin,Kayla Privett,Suraya Rose Santos,Sean Cameron Michael,Michael Lawrence Potter,,,,,
31/12/2021,Godzilla vs. Kong,2021,7,6.3,113,Action,Sci-Fi,Thriller,,,Adam Wingard,,,Terry Rossio,Michael Dougherty,Zach Shields,Alexander Skarsgård,Millie Bobby Brown,Rebecca Hall,Brian Tyree Henry,Shun Oguri,Eiza González,Julian Dennison,Lance Reddick,Kyle Chandler,Demián Bichir,,,,,
01/01/2022,Death to 2021,2021,6,6.3,60,Comedy,,,,,Jack Clough,Josh Ruben,,Ben Caudell,,Charlie Brooker,Hugh Grant,Joe Keery,William Jackson Harper,Lucy Liu,Tracey Ullman,Samson Kayo,Stockard Channing,Cristin Milioti,Diane Morgan,Laurence Fishburne,,,,,
08/01/2022,The Master,2012,7,7.1,138,Drama,History,,,,Paul Thomas Anderson,,,Paul Thomas Anderson,,,Joaquin Phoenix,Price Carson,Mike Howard,Sarah Shoshana David,Bruce Goodchild,Matt Hering,Dan Anderson,Andrew Koponen,Jeffrey W. Jenkins,Patrick Wilder,,,,,
14/01/2022,It,2017,7,7.3,135,Horror,,,,,Andy Muschietti,,,Chase Palmer,Cary Joji Fukunaga,Gary Dauberman,Jaeden Martell,Jeremy Ray Taylor,Sophia Lillis,Finn Wolfhard,Chosen Jacobs,Jack Dylan Grazer,Wyatt Oleff,Bill Skarsgård,Nicholas Hamilton,Jake Sim,,,,,
15/01/2022,The Devil's Advocate,1997,8,7.5,144,Drama,Fantasy,Mystery,Thriller,,Taylor Hackford,,,Andrew Neiderman,,Jonathan Lemkin,Keanu Reeves,Al Pacino,Charlize Theron,Jeffrey Jones,Judith Ivey,Connie Nielsen,Craig T. Nelson,Tamara Tunie,Ruben Santiago-Hudson,Debra Monk,,,,,
21/01/2022,Sunshine,2007,9,7.2,107,Sci-Fi,Thriller,,,,Danny Boyle,,,Alex Garland,,,Cliff Curtis,Chipo Chung,Cillian Murphy,Michelle Yeoh,Hiroyuki Sanada,Rose Byrne,Benedict Wong,Chris Evans,Troy Garity,Mark Strong,,,,,
23/01/2022,A Time to Kill,1996,7,7.5,149,Crime,Drama,Thriller,,,Joel Schumacher,,,John Grisham,,Akiva Goldsman,Matthew McConaughey,Sandra Bullock,Samuel L. Jackson,Kevin Spacey,Oliver Platt,Charles S. Dutton,Brenda Fricker,Donald Sutherland,Kiefer Sutherland,Patrick McGoohan,,,,,
24/01/2022,Ocean's Eight,2018,7,6.3,110,Action,Comedy,Crime,,,Gary Ross,,,Gary Ross,Olivia Milch,,Sandra Bullock,Griffin Dunne,Deidre Goodwin,Daniella Rabbani,Brian J. Carter,Gemma Forbes,Katherine Hozier-Adams,Freddy J. Davila,Francesca Calo,Cate Blanchett,,,,,
26/01/2022,The Trial of the Chicago 7,2020,7,7.7,129,Drama,History,Thriller,,,Aaron Sorkin,,,Aaron Sorkin,,,Eddie Redmayne,Alex Sharp,Sacha Baron Cohen,Jeremy Strong,John Carroll Lynch,Yahya Abdul-Mateen II,Mark Rylance,Joseph Gordon-Levitt,Ben Shenkman,J.C. MacKenzie,,,,,
25/05/2021,The Oak Room,2020,4,5.6,90,Mystery,Thriller,,,,Cody Calahan,,,Peter Genoway,,,RJ Mitte,Peter Outerbridge,Ari Millen,Nicholas Campbell,Martin Roach,David Ferry,Amos Crawley,Avery Esteves,Coal Campbell,Adam Seybold,,,,,
26/05/2021,Sound of Metal,2019,6,7.7,120,Drama,Music,,,,Darius Marder,,,Darius Marder,Abraham Marder,,Riz Ahmed,Olivia Cooke,Paul Raci,Lauren Ridloff,Mathieu Amalric,Domenico Toledo,Chelsea Lee,Shaheem Sanchez,Chris Perfetti,Bill Thorpe,,,,,
29/05/2021,Nomadland,2020,6,7.3,107,Drama,,,,,Chloé Zhao,,,Chloé Zhao,,Jessica Bruder,Frances McDormand,Gay DeForest,Patricia Grier,Linda May,Angela Reyes,Carl R. Hughes,Douglas G. Soul,Ryan Aquino,Teresa Buchanan,Karie Lynn McDermott Wilder,,,,,
04/06/2021,Oxygen,2021,7,6.5,100,Drama,Fantasy,Sci-Fi,Thriller,,Alexandre Aja,,,Christie LeBlanc,,,Mélanie Laurent,Mathieu Amalric,Malik Zidi,Laura Boujenah,Éric Herson-Macarel,Annie Balestra,Marc Saez,Cathy Cerda,Marie Lemiale,Pascal Germain,,,,,
05/06/2021,Man on Fire,2004,8,7.7,146,Action,Crime,Drama,Thriller,,Tony Scott,,,A.J. Quinnell,,Brian Helgeland,Denzel Washington,Dakota Fanning,Radha Mitchell,Christopher Walken,Marc Anthony,Giancarlo Giannini,Mickey Rourke,Rachel Ticotin,Roberto Sosa,Jesús Ochoa,,,,,
09/06/2021,The Personal History of David Copperfield,2019,6,6.4,119,Comedy,Drama,,,,Armando Iannucci,,,Armando Iannucci,Simon Blackwell,,Fisayo Akinade,Nikki Amuka-Bird,Albie Atkinson,Aneurin Barnard,Tuwaine Barrett,Nigel Betts,Ruby Bentall,Darren Boyd,Peter Capaldi,Gwendoline Christie,,,,,
12/06/2021,Taxi Driver,1976,7,8.2,114,Crime,Drama,,,,Martin Scorsese,,,Paul Schrader,,,Diahnne Abbott,Frank Adu,Victor Argo,Gino Ardito,Garth Avery,Peter Boyle,Albert Brooks,Harry Cohn,Copper Cunningham,Robert De Niro,,,,,
13/06/2021,The Little Things,2021,6,6.3,128,Crime,Drama,Mystery,Thriller,,John Lee Hancock,,,John Lee Hancock,,,Denzel Washington,Rami Malek,Jared Leto,Chris Bauer,Michael Hyatt,Terry Kinney,Natalie Morales,Isabel Arraiza,Joris Jarsky,Glenn Morshower,,,,,
17/06/2021,Three Billboards Outside Ebbing Missouri,2017,9,8.1,115,Comedy,Crime,Drama,,,Martin McDonagh,,,Martin McDonagh,,,Frances McDormand,Caleb Landry Jones,Kerry Condon,Sam Rockwell,Alejandro Barrios,Clarke Peters,Darrell Britt-Gibson,Woody Harrelson,Abbie Cornish,Riya May Atwood,,,,,
14/06/2021,The Purge: Anarchy,2014,5,6.4,103,Action,Horror,Sci-Fi,Thriller,,James DeMonaco,,,James DeMonaco,,James DeMonaco,Frank Grillo,Carmen Ejogo,Zach Gilford,Kiele Sanchez,Zoë Soul,Justina Machado,John Beasley,Jack Conley,Noel Gugliemi,Castulo Guerra,,,,,
20/06/2021,Kiss Kiss Bang Bang,2005,6,7.5,103,Comedy,Crime,Mystery,Thriller,,Shane Black,,,Brett Halliday,,Shane Black,Robert Downey Jr.,Val Kilmer,Michelle Monaghan,Corbin Bernsen,Dash Mihok,Larry Miller,Rockmond Dunbar,Shannyn Sossamon,Angela Lindvall,Indio Falconer Downey,,,,,
22/06/2021,Contagion,2011,6,6.8,106,Drama,Thriller,,,,Steven Soderbergh,,,Scott Z. Burns,,,Gwyneth Paltrow,Tien You Chui,Josie Ho,Daria Strokous,Matt Damon,Griffin Kane,Yoshiaki Kobayashi,Laurence Fishburne,John Hawkes,Jude Law,,,,,
24/06/2021,Die Hard 2,1990,6,7.1,124,Action,Thriller,,,,Renny Harlin,,,Steven E. de Souza,Doug Richardson,,Bruce Willis,Bonnie Bedelia,William Atherton,Reginald VelJohnson,Franco Nero,William Sadler,John Amos,Dennis Franz,Art Evans,Fred Thompson,,,,,
25/06/2021,Minari,2020,7,7.4,115,Drama,,,,,Lee Isaac Chung,,,Lee Isaac Chung,,,Alan Kim,Han Ye-ri,Noel Cho,Steven Yeun,Darryl Cox,Esther Moon,Ben Hall,Eric Starkey,Will Patton,Youn Yuh-jung,,,,,
27/06/2021,Penguin Bloom,2020,5,6.8,95,Biography,Drama,Family,,,Glendyn Ivin,,,Shaun Grant,Harry Cripps,,Naomi Watts,Griffin Murray-Johnston,Andrew Lincoln,Essi Murray-Johnston,Felix Cameron,Abe Clifford-Barr,Jacki Weaver,Gerry,Clipper,Eugene,,,,,
04/07/2021,Book Club,2018,7,6.1,104,Comedy,Drama,Romance,,,Bill Holderman,,,Bill Holderman,Erin Simms,,Diane Keaton,Jane Fonda,Candice Bergen,Mary Steenburgen,Andy Garcia,Craig T. Nelson,Don Johnson,Ed Begley Jr.,Richard Dreyfuss,Wallace Shawn,,,,,
09/07/2021,Killing Them Softly,2012,7,6.2,97,Crime,Drama,Thriller,,,Andrew Dominik,,,Andrew Dominik,,George V. Higgins,Brad Pitt,Scoot McNairy,Ben Mendelsohn,James Gandolfini,Richard Jenkins,Vincent Curatola,Ray Liotta,Trevor Long,Max Casella,Sam Shepard,,,,,
10/07/2021,Alita: Battle Angel,2019,9,7.3,122,Action,Adventure,Sci-Fi,Thriller,,Robert Rodriguez,,,James Cameron,Laeta Kalogridis,,Rosa Salazar,Christoph Waltz,Jennifer Connelly,Mahershala Ali,Ed Skrein,Jackie Earle Haley,Keean Johnson,Jorge Lendeborg Jr.,Lana Condor,Idara Victor,,,,,
11/07/2021,The Courier,2020,7,7.2,112,Drama,History,Mystery,Thriller,,Dominic Cooke,,,Tom O'Connor,,,Vladimir Chuprikov,Merab Ninidze,James Schofield,Fred Haig,Emma Penzina,Mariya Mironova,Rachel Brosnahan,Anton Lesser,Angus Wright,Benedict Cumberbatch,,,,,
16/07/2021,Kingsman: The Golden Circle,2017,8,6.7,141,Action,Adventure,Comedy,Crime,Thriller,Matthew Vaughn,,,Jane Goldman,Matthew Vaughn,,Taron Egerton,Edward Holcroft,Gordon Alexander,Mark Strong,Hanna Alström,Calvin Demba,Thomas Turgoose,Tobi Bakare,Julianne Moore,Keith Allen,,,,,
17/07/2021,The Godfather,1972,9,9.2,175,Crime,Drama,,,,Francis Ford Coppola,,,Mario Puzo,Francis Ford Coppola,,Marlon Brando,Al Pacino,James Caan,Richard S. Castellano,Robert Duvall,Sterling Hayden,John Marley,Richard Conte,Al Lettieri,Diane Keaton,,,,,
22/07/2021,Top Gun,1986,6,7.0,109,Action,Drama,,,,Tony Scott,,,Jim Cash,Jack Epps Jr.,,Tom Cruise,Kelly McGillis,Val Kilmer,Anthony Edwards,Tom Skerritt,Michael Ironside,John Stockwell,Barry Tubb,Rick Rossovich,Tim Robbins,,,,,
23/07/2021,Baby Driver,2017,7,7.5,113,Action,Crime,Drama,Music,,Edgar Wright,,,Edgar Wright,,,Ansel Elgort,Jon Bernthal,Jon Hamm,Eiza González,Micah Howard,Lily James,Morgan Brown,Kevin Spacey,Morse Diggs,CJ Jones,,,,,
24/07/2021,Zodiac,2007,8,7.7,157,Crime,Drama,Mystery,Thriller,,David Fincher,,,James Vanderbilt,,Robert Graysmith,Jake Gyllenhaal,Mark Ruffalo,Anthony Edwards,Robert Downey Jr.,Brian Cox,John Carroll Lynch,Richmond Arquette,Bob Stephenson,John Lacy,Chloë Sevigny,,,,,
28/07/2021,Palmer,2021,7,7.3,110,Drama,,,,,Fisher Stevens,,,Cheryl Guerriero,,,Justin Timberlake,Ryder Allen,Alisha Wainwright,Juno Temple,June Squibb,Lance E. Nichols,Molly Sue Harrison,JD Evermore,Dean Winters,Wynn Everett,,,,,
31/07/2021,Burn After Reading,2008,7,7.0,96,Comedy,Crime,Drama,Thriller,,Ethan Coen,Joel Coen,,Joel Coen,Ethan Coen,,George Clooney,Frances McDormand,Brad Pitt,John Malkovich,Tilda Swinton,Richard Jenkins,Elizabeth Marvel,David Rasche,J.K. Simmons,Olek Krupa,,,,,
02/08/2021,The Wolf's Call,2019,9,6.9,115,Action,Thriller,,,,Antonin Baudry,,,Antonin Baudry,,,François Civil,Omar Sy,Mathieu Kassovitz,Reda Kateb,Paula Beer,Alexis Michalik,Jean-Yves Berteloot,Damien Bonnard,Pierre Cévaër,Sébastien Libessart,,,,,
04/08/2021,Everest,2015,6,7.1,121,Adventure,Biography,Drama,Thriller,,Baltasar Kormákur,,,William Nicholson,Simon Beaufoy,,Jason Clarke,Ang Phula Sherpa,Thomas M. Wright,Martin Henderson,Tom Goodman-Hill,Charlotte Bøving,Pemba Sherpa,Amy Shindler,Simon Harrison,Chris Reilly,,,,,
06/08/2021,The Upside,2017,7,7.0,126,Comedy,Drama,,,,Neil Burger,,,Jon Hartmere,,Éric Toledano,Kevin Hart,Bryan Cranston,Nicole Kidman,Aja Naomi King,Jahi Di'Allo Winston,Genevieve Angelson,Golshifteh Farahani,Tate Donovan,Julianna Margulies,Suzanne Savoy,,,,,
07/08/2021,Apocalypse Now,1979,6,8.4,147,Drama,Mystery,War,,,Francis Ford Coppola,,,John Milius,Francis Ford Coppola,,Marlon Brando,Martin Sheen,Robert Duvall,Frederic Forrest,Sam Bottoms,Laurence Fishburne,Albert Hall,Harrison Ford,Dennis Hopper,G.D. Spradlin,,,,,
11/08/2021,Ratatouille,2007,7,8.1,111,Animation,Adventure,Comedy,Family,Fantasy,Brad Bird,Jan Pinkava,,Brad Bird,,Jan Pinkava,Patton Oswalt,Ian Holm,Lou Romano,Brian Dennehy,Peter Sohn,Peter O'Toole,Brad Garrett,Janeane Garofalo,Will Arnett,Julius Callahan,,,,,
12/08/2021,Sympathy for Mr. Vengeance,2002,7,7.5,129,Crime,Drama,Thriller,,,Park Chan-wook,,,Jong-yong Lee,Jae-sun Lee,Mu-yeong Lee,Song Kang-ho,Shin Ha-kyun,Bae Doona,Lim Ji-eun,Han Bo-bae,Lee Dae-yeon,Gi Ju-bong,Kim Se-dong,Lee Yoon-mi,Ryu Seung-beom,,,,,
13/08/2021,The Frozen Ground,2013,5,6.4,105,Biography,Crime,Drama,Mystery,Thriller,Scott Walker,,,Scott Walker,,,Nicolas Cage,Vanessa Hudgens,John Cusack,Dean Norris,Gia Mantegna,Robert Forgit,Brad William Henke,Michael McGrady,Katherine LaNasa,Ryan O'Nan,,,,,
14/08/2021,Oldboy,2003,8,8.3,120,Action,Drama,Mystery,Thriller,,Park Chan-wook,,,Garon Tsuchiya,Nobuaki Minegishi,,Choi Min-sik,Yoo Ji-tae,Kang Hye-jeong,Kim Byeong-Ok,Ji Dae-han,Oh Dal-su,Seung-shin Lee,Yoon Jin-seo,Oh Tae-kyung,Yoo Yeon-seok,,,,,
20/08/2021,Lady Vengeance,2005,7,7.5,115,Crime,Drama,Thriller,,,Park Chan-wook,,,Chung Seo-kyung,Park Chan-wook,,Lee Yeong-ae,Choi Min-sik,Yea-young Kwon,Kim Shi-hoo,Oh Dal-su,Seung-shin Lee,Kim Byeong-Ok,Ra Mi-ran,Young-ju Seo,Go Su-hee,,,,,
21/08/2021,A Quiet Place Part II,2020,6,7.2,97,Drama,Horror,Sci-Fi,Thriller,,John Krasinski,,,John Krasinski,,Bryan Woods,Emily Blunt,John Krasinski,Millicent Simmonds,Noah Jupe,Cillian Murphy,Djimon Hounsou,Okieriete Onaodowan,Scoot McNairy,Zachary Golinger,Blake DeLong,,,,,
22/08/2021,The Rental,2020,4,5.7,88,Drama,Horror,Mystery,Thriller,,Dave Franco,,,Dave Franco,Joe Swanberg,,Dan Stevens,Alison Brie,Sheila Vand,Jeremy Allen White,Toby Huss,Connie Wellman,Chunk,Anthony Molinari,Amity Bacon,Chase Barker,,,,,
26/08/2021,Django Unchained,2012,9,8.5,165,Western,,,,,Quentin Tarantino,,,Quentin Tarantino,,,Jamie Foxx,Christoph Waltz,Leonardo DiCaprio,Kerry Washington,Samuel L. Jackson,Walton Goggins,Dennis Christopher,James Remar,David Steen,Dana Gourrier,,,,,
02/09/2021,Vivarium,2019,5,5.9,97,Horror,Mystery,Sci-Fi,,,Lorcan Finnegan,,,Garret Shanley,,Garret Shanley,Imogen Poots,Danielle Ryan,Molly McCann,Jesse Eisenberg,Jonathan Aris,Côme Thiry,Senan Jennings,Éanna Hardwicke,Fionn Lockett,Olga Wehrly,,,,,
27/08/2021,Wrath of Man,2021,7,7.1,119,Action,Crime,Thriller,,,Guy Ritchie,,,Nicolas Boukhrief,Éric Besnard,,Jason Statham,Holt McCallany,Rocci Boy Williams,Josh Hartnett,Jeffrey Donovan,Scott Eastwood,Andy Garcia,Deobia Oparei,Laz Alonso,Raúl Castillo,,,,,
28/08/2021,Spiral,2021,5,5.2,93,Horror,Mystery,Thriller,,,Darren Lynn Bousman,,,Josh Stolberg,Pete Goldfinger,,Chris Rock,Max Minghella,Samuel L. Jackson,Marisol Nichols,Dan Petronijevic,Richard Zeppieri,Patrick McManus,Ali Johnson,Zoie Palmer,Dylan Roberts,,,,,
03/09/2021,The Art of Self-Defense,2019,7,6.6,104,Comedy,Crime,Drama,Mystery,Thriller,Riley Stearns,,,Riley Stearns,,,Jesse Eisenberg,Alessandro Nivola,Imogen Poots,Steve Terada,David Zellner,Phillip Andre Botello,Jason Burkey,Mike Brooks,C.J. Rush,Davey Johnson,,,,,
04/09/2021,The Chef,2012,7,6.6,84,Comedy,Drama,,,,Daniel Cohen,,,Daniel Cohen,,Olivier Dazat,Jean Reno,Michaël Youn,Raphaëlle Agogué,Julien Boisselier,Salomé Stévenin,Pierre Vernier,Santiago Segura,Serge Larivière,Geneviève Casile,Issa Doumbia,,,,,
04/09/2021,Arrival,2016,9,7.9,116,Drama,Mystery,Sci-Fi,,,Denis Villeneuve,,,Eric Heisserer,,Ted Chiang,Amy Adams,Jeremy Renner,Forest Whitaker,Michael Stuhlbarg,Mark O'Brien,Tzi Ma,Abigail Pniowsky,Julia Scarlett Dan,Jadyn Malone,Frank Schorpion,,,,,
05/09/2021,Ex Machina,2014,8,7.7,108,Drama,Sci-Fi,Thriller,,,Alex Garland,,,Alex Garland,,,Domhnall Gleeson,Alicia Vikander,Oscar Isaac,Sonoya Mizuno,Corey Johnson,Claire Selby,Symara A. Templeman,Gana Bayarsaikhan,Tiffany Pisani,Elina Alminas,,,,,
10/09/2021,The Handmaiden,2016,6,8.1,145,Drama,Romance,Thriller,,,Park Chan-wook,,,Sarah Waters,Chung Seo-kyung,Park Chan-wook,Kim Tae-ri,Lee Yong-nyeo,Yoo Min-chae,Lee Dong-hwi,Kim Hae-sook,Kim Min-hee,Ha Jung-woo,Lee Kyu-jung,Kim Si-eun,Ha Si-yeon,,,,,
11/09/2021,The Highwaymen,2019,5,6.9,132,Biography,Crime,Drama,Mystery,Thriller,John Lee Hancock,,,John Fusco,,,Kevin Costner,Woody Harrelson,Kathy Bates,John Carroll Lynch,Thomas Mann,Dean Denton,Kim Dickens,William Sadler,W. Earl Brown,David Furr,,,,,
15/09/2021,Oldboy US,2013,6,5.8,104,Action,Drama,Mystery,Thriller,,Spike Lee,,,Mark Protosevich,,,Josh Brolin,Elizabeth Olsen,Sharlto Copley,Samuel L. Jackson,Michael Imperioli,Pom Klementieff,James Ransone,Max Casella,Linda Emond,Elvis Nolasco,,,,,
16/09/2021,Free Guy,2021,6,7.1,115,Action,Adventure,Comedy,Fantasy,Romance,Shawn Levy,,,Matt Lieberman,Zak Penn,,Ryan Reynolds,Jodie Comer,Lil Rel Howery,Joe Keery,Utkarsh Ambudkar,Taika Waititi,Channing Tatum,Aaron W Reed,Britne Oldford,Camille Kostek,,,,,
17/09/2021,La belle époque,2019,8,7.4,115,Comedy,Drama,Fantasy,Romance,,Nicolas Bedos,,,Nicolas Bedos,,,Daniel Auteuil,Guillaume Canet,Doria Tillier,Fanny Ardant,Pierre Arditi,Denis Podalydès,Michaël Cohen,Jeanne Arènes,Bertrand Poncet,Bruno Raffaelli,,,,,
18/09/2021,The Hunt,2012,7,8.3,115,Drama,,,,,Thomas Vinterberg,,,Thomas Vinterberg,Tobias Lindholm,,Mads Mikkelsen,Thomas Bo Larsen,Annika Wedderkopp,Lasse Fogelstrøm,Susse Wold,Anne Louise Hassing,Lars Ranthe,Alexandra Rapaport,Sebastian Bull,Steen Ordell Guldbrand Jensen,,,,,
20/09/2021,I See You,2019,7,6.8,98,Horror,Mystery,Thriller,,,Adam Randall,,,Devon Graye,,,Helen Hunt,Jon Tenney,Owen Teague,Judah Lewis,Libe Barer,Gregory Alan Williams,Erika Alexander,Allison Gabriel,Adam Kern,Riley Caya,,,,,
23/09/2021,Scott Pilgrim vs. the World,2010,8,7.5,112,Action,Comedy,Fantasy,Romance,,Edgar Wright,,,Michael Bacall,Edgar Wright,,Michael Cera,Kieran Culkin,Anna Kendrick,Alison Pill,Aubrey Plaza,Mary Elizabeth Winstead,Jason Schwartzman,Johnny Simmons,Mark Webber,Ellen Wong,,,,,
24/09/2021,Away We Go,2009,7,7.0,98,Comedy,Drama,Romance,,,Sam Mendes,,,Dave Eggers,Vendela Vida,,John Krasinski,Maya Rudolph,Carmen Ejogo,Catherine O'Hara,Jeff Daniels,Allison Janney,Jim Gaffigan,Samantha Pryor,Conor Carroll,Maggie Gyllenhaal,,,,,
24/09/2021,Austin Powers: International Man of Mystery,1997,7,7.0,94,Adventure,Comedy,,,,Jay Roach,,,Mike Myers,,,Mike Myers,Elizabeth Hurley,Michael York,Mimi Rogers,Robert Wagner,Seth Green,Fabiana Udenio,Mindy Sterling,Paul Dillon,Charles Napier,,,,,
25/09/2021,Manchester by the Sea,2016,7,7.8,137,Drama,,,,,Kenneth Lonergan,,,Kenneth Lonergan,,,Casey Affleck,Ivy O'Brien,Kyle Chandler,Richard Donelly,Virginia Loring Cooke,Quincy Tyler Bernstine,Missy Yager,Stephen McKinley Henderson,Ben Hanson,Mary Mallen,,,,,
26/09/2021,Escape Room: Tournament of Champions,2021,7,5.7,88,Action,Adventure,Horror,Mystery,Sci-Fi,Adam Robitel,,,Will Honley,Maria Melnik,Daniel Tuch,Taylor Russell,Logan Miller,Deborah Ann Woll,Thomas Cocquerel,Holland Roden,Indya Moore,Carlito Olivero,Matt Esof,Jamie-Lee Money,Wayne Harrison,,,,,
01/10/2021,The Guilty,2021,6,6.3,90,Crime,Drama,Thriller,,,Antoine Fuqua,,,Nic Pizzolatto,,Gustav Möller,Jake Gyllenhaal,Riley Keough,Peter Sarsgaard,Christina Vidal,Eli Goree,Ethan Hawke,Da'Vine Joy Randolph,Christiana Montoya,David Castañeda,Adrian Martinez,,,,,
02/10/2021,The Godfather Part II,1974,9,9.0,202,Crime,Drama,,,,Francis Ford Coppola,,,Francis Ford Coppola,Mario Puzo,,Al Pacino,Robert Duvall,Diane Keaton,Robert De Niro,John Cazale,Talia Shire,Lee Strasberg,Michael V. Gazzo,G.D. Spradlin,Richard Bright,,,,,
03/10/2021,War Dogs,2016,8,7.1,114,Biography,Comedy,Crime,Drama,War,Todd Phillips,,,Stephen Chin,Todd Phillips,Jason Smilovic,Miles Teller,Steve Lantz,Gregg Weiner,David Packouz,Eddie Jemison,Julian Sergi,Daniel Berson,Jonah Hill,Edson Jean,Daimion Johnson,,,,,
04/10/2021,Till Death,2021,5,5.9,91,Horror,Thriller,,,,S.K. Dale,,,Jason Carvey,,,Megan Fox,Eoin Macken,Callan Mulvey,Jack Roth,Aml Ameen,Stefanie Yunger,Julian Balahurov,Teodora Djuric,Lili Rich,,,,,,
08/10/2021,Wonder Woman 1984,2020,6,5.4,151,Action,Adventure,Fantasy,,,Patty Jenkins,,,Patty Jenkins,Geoff Johns,,Gal Gadot,Chris Pine,Kristen Wiig,Pedro Pascal,Robin Wright,Connie Nielsen,Lilly Aspell,Amr Waked,Kristoffer Polaha,Natasha Rothwell,,,,,
13/10/2021,21 Bridges,2019,8,6.6,99,Action,Adventure,Crime,Drama,Mystery,Brian Kirk,,,Adam Mervis,Matthew Michael Carnahan,,Chadwick Boseman,Sienna Miller,J.K. Simmons,Stephan James,Taylor Kitsch,Keith David,Alexander Siddig,Louis Cancelmi,Victoria Cartagena,Gary Carr,,,,,
16/10/2021,The Godfather Part III,1990,8,7.6,162,Crime,Drama,,,,Francis Ford Coppola,,,Mario Puzo,Francis Ford Coppola,,Al Pacino,Diane Keaton,Talia Shire,Andy Garcia,Eli Wallach,Joe Mantegna,George Hamilton,Bridget Fonda,Sofia Coppola,Raf Vallone,,,,,
15/10/2021,Scary Movie,2000,8,6.3,88,Comedy,,,,,Keenen Ivory Wayans,,,Shawn Wayans,Marlon Wayans,Buddy Johnson,Carmen Electra,Dave Sheridan,Frank B. Moore,Giacomo Baessato,Kyle Graham,Leanne Santos,Mark McConchie,Karen Kruper,Anna Faris,Jon Abrahams,,,,,
17/10/2021,Drive,2011,8,7.8,100,Action,Drama,,,,Nicolas Winding Refn,,,Hossein Amini,,James Sallis,Ryan Gosling,Carey Mulligan,Bryan Cranston,Albert Brooks,Oscar Isaac,Christina Hendricks,Ron Perlman,Kaden Leos,Jeff Wolfe,James Biberi,,,,,
19/10/2021,Non-Stop,2014,7,6.9,106,Action,Mystery,Thriller,,,Jaume Collet-Serra,,,John W. Richardson,Chris Roach,Ryan Engle,Liam Neeson,Julianne Moore,Scoot McNairy,Michelle Dockery,Nate Parker,Corey Stoll,Lupita Nyong'o,Omar Metwally,Jason Butler Harner,Linus Roache,,,,,
23/10/2021,Magnolia,1999,8,8.0,188,Drama,,,,,Paul Thomas Anderson,,,Paul Thomas Anderson,,,Pat Healy,Genevieve Zweig,Mark Flanagan,Neil Flynn,Rod McLachlan,Allan Graf,Patton Oswalt,Raymond 'Big Guy' Gonzales,Brad Hunt,Jim Meskimen,Philip Seymour Hoffman,Tom Cruise,Julianne Moore,,
24/10/2021,Austin Powers: The Spy Who Shagged Me,1999,6,6.7,95,Action,Adventure,Comedy,Crime,,Jay Roach,,,Mike Myers,Michael McCullers,,Mike Myers,Heather Graham,Michael York,Robert Wagner,Rob Lowe,Seth Green,Mindy Sterling,Verne Troyer,Elizabeth Hurley,Gia Carides,,,,,
29/10/2021,Bo Burnham: Inside,2021,8,8.6,87,Documentary,Comedy,Drama,Music,,Bo Burnham,,,Bo Burnham,,,Bo Burnham,,,,,,,,,,,,,,
30/10/2021,25th Hour,2002,7,7.6,135,Drama,,,,,Spike Lee,,,David Benioff,,David Benioff,Edward Norton,Philip Seymour Hoffman,Barry Pepper,Rosario Dawson,Anna Paquin,Brian Cox,Tony Siragusa,Levani,Misha Kuznetsov,Isiah Whitlock Jr.,,,,,
04/11/2021,The Raid: Redemption,2011,6,7.6,101,Action,Crime,Thriller,,,Gareth Evans,,,Gareth Evans,,,Iko Uwais,Joe Taslim,Donny Alamsyah,Yayan Ruhian,Pierre Gruno,Ray Sahetapy,Tegar Satrya,Iyang Darmawan,Eka 'Piranha' Rahmadia,Verdi Solaiman,,,,,
13/11/2021,Triangle,2009,7,6.9,99,Fantasy,Mystery,Sci-Fi,Thriller,,Christopher Smith,,,Christopher Smith,,,Melissa George,Joshua McIvor,Jack Taylor,Michael Dorman,Henry Nixon,Rachael Carpani,Emma Lung,Liam Hemsworth,Bryan Probets,,,,,,
14/11/2021,Red Notice,2021,5,6.3,118,Action,Comedy,Thriller,,,Rawson Marshall Thurber,,,Rawson Marshall Thurber,,,Dwayne Johnson,Ryan Reynolds,Gal Gadot,Ritu Arya,Chris Diamantopoulos,Ivan Mbakop,Vincenzo Amato,Rafael Petardi,Seth Michaels,Sebastien Large,,,,,
15/11/2021,The Laundromat,2019,7,6.3,96,Comedy,Crime,Drama,History,,Steven Soderbergh,,,Jake Bernstein,,Scott Z. Burns,Gary Oldman,Antonio Banderas,AJ Meijer,Arsenio Castellanos,Lucy Morningstar,Meryl Streep,James Cromwell,Jeff Michalski,Jane Morris,Robert Patrick,,,,,
16/11/2021,Kajillionaire,2020,6,6.4,104,Comedy,Crime,Drama,,,Miranda July,,,Miranda July,,,Richard Jenkins,Debra Winger,Evan Rachel Wood,Patricia Belcher,Kim Estes,Da'Vine Joy Randolph,Rachel Redleaf,Randy Ryan,Mark Ivanir,Blanca Araceli,,,,,
19/11/2021,I Care a Lot,2020,8,6.4,118,Comedy,Crime,Drama,Thriller,,J Blakeson,,,J Blakeson,,,Rosamund Pike,Peter Dinklage,Eiza González,Dianne Wiest,Chris Messina,Isiah Whitlock Jr.,Macon Blair,Alicia Witt,Damian Young,Nicholas Logan,,,,,
20/11/2021,Maze Runner: The Death Cure,2018,5,6.3,143,Action,Adventure,Sci-Fi,Thriller,,Wes Ball,,,T.S. Nowlin,,James Dashner,Dylan O'Brien,Ki Hong Lee,Kaya Scodelario,Thomas Brodie-Sangster,Dexter Darden,Will Poulter,Jacob Lofland,Rosa Salazar,Giancarlo Esposito,Patricia Clarkson,,,,,
21/11/2021,The Perks of Being a Wallflower,2012,9,7.9,103,Drama,,,,,Stephen Chbosky,,,Stephen Chbosky,,Stephen Chbosky,Logan Lerman,Dylan McDermott,Kate Walsh,Patrick de Ledebur,Johnny Simmons,Brian Balzerini,Tom Kruszewski,Nina Dobrev,Nicholas Braun,Julia Garner,Emma Watson,,,,
24/11/2021,June Again,2020,7,7.2,99,Drama,,,,,JJ Winlove,,,JJ Winlove,,,Noni Hazlehurst,Claudia Karvan,Stephen Curry,Otis Dhanji,Nash Edgerton,Darren Gilshenan,Pip Miller,Matilda Ridgway,Sam Lyndon,Jakob Sole,,,,,
26/11/2021,Uncle Frank,2020,8,7.3,95,Comedy,Drama,,,,Alan Ball,,,Alan Ball,,,Paul Bettany,Sophia Lillis,Peter Macdissi,Steve Zahn,Judy Greer,Margo Martindale,Stephen Root,Lois Smith,Jane McNeill,Caity Brewer,,,,,
28/11/2021,Fair Game,2010,7,6.8,108,Biography,Drama,Thriller,,,Doug Liman,,,Jez Butterworth,John-Henry Butterworth,,Naomi Watts,Sonya Davison,Vanessa Chong,Anand Tiwari,Stephanie Chai,Sean Penn,Ty Burrell,Jessica Hecht,Norbert Leo Butz,Rebecca Rigg,,,,,
02/12/2021,Fargo,1996,6,8.1,98,Crime,Drama,Thriller,,,Joel Coen,Ethan Coen,,Ethan Coen,Joel Coen,,William H. Macy,Steve Buscemi,Peter Stormare,Kristin Rudrüd,Harve Presnell,Tony Denman,Gary Houston,Sally Wingert,Kurt Schweickhardt,Larissa Kokernot,,,,,
04/12/2021,The Curious Case of Benjamin Button,2008,8,7.8,166,Drama,Fantasy,Romance,,,David Fincher,,,Eric Roth,,Eric Roth,Cate Blanchett,Brad Pitt,Julia Ormond,Faune Chambers Watkins,Elias Koteas,Donna Duplantier,Jacob Tolano,Earl Maddox,Ed Metzger,Jason Flemyng,,,,,
10/12/2021,Dunkirk,2017,7,7.8,106,Action,Drama,History,Thriller,War,Christopher Nolan,,,Christopher Nolan,,,Fionn Whitehead,Damien Bonnard,Aneurin Barnard,Lee Armstrong,James Bloor,Barry Keoghan,Mark Rylance,Tom Glynn-Carney,Tom Hardy,Jack Lowden,,,,,
11/12/2021,Our Friend,2019,8,7.3,124,Drama,Romance,,,,Gabriela Cowperthwaite,,,Brad Ingelsby,,Matthew Teague,Jason Segel,Isabella Kai,Violet McGraw,Casey Affleck,Dakota Johnson,John McConnell,Jeronimo Spinx,Denée Benton,Jake Owen,Jason Bayle,,,,,
12/12/2021,Back to the Future,1985,8,8.5,116,Adventure,Comedy,Sci-Fi,,,Robert Zemeckis,,,Robert Zemeckis,Bob Gale,,Michael J. Fox,Christopher Lloyd,Lea Thompson,Crispin Glover,Tom Wilson,Claudia Wells,Marc McClure,Wendie Jo Sperber,George DiCenzo,Frances Lee McCain,,,,,
17/12/2021,The Unforgivable,2021,7,7.1,112,Crime,Drama,Mystery,,,Nora Fingscheidt,,,Peter Craig,Hillary Seitz,Courtenay Miles,Sandra Bullock,Viola Davis,Vincent D'Onofrio,Jon Bernthal,Richard Thomas,Linda Emond,Aisling Franciosi,Emma Nelson,Will Pullen,Tom Guiry,,,,,
18/12/2021,No Sudden Move,2021,6,6.4,115,Crime,Drama,Mystery,Thriller,,Steven Soderbergh,,,Ed Solomon,,,Don Cheadle,Craig muMs Grant,Brendan Fraser,Benicio Del Toro,Julia Fox,Kieran Culkin,Amy Seimetz,David Harbour,Noah Jupe,Lucy Holt,,,,,
19/12/2021,Weekend at Bernie's,1989,6,6.4,97,Adventure,Comedy,Crime,,,Ted Kotcheff,,,Robert Klane,,,Andrew McCarthy,Jonathan Silverman,Catherine Mary Stewart,Terry Kiser,Don Calfa,Catherine Parks,Eloise DeJoria,Greg Salata,Louis Giambalvo,Ted Kotcheff,,,,,
20/12/2021,Monty Python and the Holy Grail,1975,6,8.2,91,Adventure,Comedy,Fantasy,,,Terry Gilliam,Terry Jones,,Graham Chapman,John Cleese,Eric Idle,Graham Chapman,John Cleese,Eric Idle,Terry Gilliam,Terry Jones,Michael Palin,Connie Booth,Carol Cleveland,Neil Innes,Bee Duffell,,,,,
26/12/2021,The Vault,2021,6,6.4,118,Action,Thriller,,,,Jaume Balagueró,,,Rafa Martínez,Andrés M. Koppel,Borja Glez. Santaolalla,Freddie Highmore,Astrid Bergès-Frisbey,Sam Riley,Liam Cunningham,Jose Coronado,Luis Tosar,Emilio Gutiérrez Caba,Axel Stein,Daniel Holguín,Famke Janssen,,,,,
27/12/2021,Don't Look Up,2021,8,7.2,138,Comedy,Drama,Sci-Fi,,,Adam McKay,,,Adam McKay,,Adam McKay,Leonardo DiCaprio,Jennifer Lawrence,Meryl Streep,Cate Blanchett,Rob Morgan,Jonah Hill,Mark Rylance,Tyler Perry,Timothée Chalamet,Ron Perlman,,,,,
29/01/2022,Polar,2019,5,6.3,118,Action,Crime,Thriller,,,Jonas Åkerlund,,,Jayson Rothwell,,Víctor Santos,Mads Mikkelsen,Vanessa Hudgens,Katheryn Winnick,Fei Ren,Ruby O. Fee,Matt Lucas,Robert Maillet,Anthony Grant,Josh Cruddas,Lovina,,,,,
29/01/2022,The Misfits,2021,5,4.5,94,Adventure,Comedy,Thriller,,,Renny Harlin,,,Kurt Wimmer,Robert Henny,,Pierce Brosnan,Tim Roth,Nick Cannon,Rami Jaber,Jamie Chung,Hermione Corfield,Mike Angelo,Qais Qandil,Martin J. Corrado,Robert Henny,,,,,
31/01/2022,I Saw the Devil,2010,8,7.8,144,Action,Thriller,,,,Kim Jee-woon,,,Park Hoon-jung,,Kim Jee-woon,Lee Byung-hun,Choi Min-sik,Jeon Gook-hwan,Chun Ho-jin,San-ha Oh,Kim Yun-Seo,Choi Moo-seong,In-seo Kim,Kim Kap-su,Lee Jun-hyuk,,,,,
05/02/2022,No Time to Die,2021,7,7.3,163,Action,Adventure,Thriller,,,Cary Joji Fukunaga,,,Neal Purvis,Robert Wade,Cary Joji Fukunaga,Daniel Craig,Léa Seydoux,Rami Malek,Lashana Lynch,Ralph Fiennes,Ben Whishaw,Naomie Harris,Rory Kinnear,Jeffrey Wright,Billy Magnussen,,,,,
10/02/2022,Friday the 13th,1980,7,6.4,95,Horror,Mystery,Thriller,,,Sean S. Cunningham,,,Victor Miller,,Ron Kurz,Betsy Palmer,Adrienne King,Jeannine Taylor,Robbi Morgan,Kevin Bacon,Harry Crosby,Laurie Bartram,Mark Nelson,Peter Brouwer,Rex Everhart,,,,,
11/02/2022,Groundhog Day,1993,6,8.0,101,Comedy,Drama,Fantasy,Romance,,Harold Ramis,,,Danny Rubin,,Danny Rubin,Bill Murray,Andie MacDowell,Chris Elliott,Stephen Tobolowsky,Brian Doyle-Murray,Marita Geraghty,Angela Paton,Rick Ducommun,Rick Overton,Robin Duke,,,,,
12/02/2022,Pig,2021,8,6.9,92,Drama,Mystery,,,,Michael Sarnoski,,,Vanessa Block,Michael Sarnoski,,Nicolas Cage,Alex Wolff,Cassandra Violet,Julia Bray,Elijah Ungvary,Beth Harper,Brian Sutherland,David Shaughnessy,Gretchen Corbett,Sean Tarjyoto,,,,,
18/02/2022,The Card Counter,2021,8,6.2,111,Crime,Drama,Thriller,,,Paul Schrader,,,Paul Schrader,,,Oscar Isaac,Tiffany Haddish,Tye Sheridan,Willem Dafoe,Alexander Babara,Bobby C. King,Ekaterina Baker,Bryan Truong,Dylan Flashner,Adrienne Lau,,,,,
20/02/2022,The Power of the Dog,2021,6,6.8,126,Drama,Western,,,,Jane Campion,,,Jane Campion,,Thomas Savage,Benedict Cumberbatch,Geneviève Lemon,Jesse Plemons,Kodi Smit-McPhee,Kenneth Radley,Kirsten Dunst,Sean Keenan,George Mason,Ramontay McConnell,David Denis,,,,,
26/02/2022,Last Night in Soho,2021,8,7.0,116,Drama,Horror,Mystery,Thriller,,Edgar Wright,,,Edgar Wright,,Edgar Wright,Thomasin McKenzie,Aimee Cassettari,Rita Tushingham,Colin Mace,Michael Ajao,Synnove Karlsen,Jessie Mei Li,Kassius Nelson,Rebecca Harrod,Alan Mahon,,,,,
27/02/2022,"tick, tick... BOOM!",2021,7,7.5,115,Biography,Comedy,Drama,Musical,,Lin-Manuel Miranda,,,Steven Levenson,,Jonathan Larson,Andrew Garfield,Alexandra Shipp,Robin de Jesus,Vanessa Hudgens,Joshua Henry,Jonathan Marc Sherman,Michaela Jaé  Rodriguez,Ben Levi Ross,Judith Light,Bradley Whitford,,,,,
04/03/2022,Scream 2022,2022,7,6.3,114,Horror,Mystery,Thriller,,,Matt Bettinelli-Olpin,Tyler Gillett,,James Vanderbilt,Guy Busick,,Neve Campbell,Courteney Cox,David Arquette,Melissa Barrera,Jack Quaid,Mikey Madison,Jenna Ortega,Dylan Minnette,Jasmin Savoy Brown,Mason Gooding,,,,,
05/03/2022,The French Dispatch,2021,7,7.1,107,Comedy,Drama,Romance,,,Wes Anderson,,,Wes Anderson,,Wes Anderson,Benicio Del Toro,Adrien Brody,Tilda Swinton,Léa Seydoux,Frances McDormand,Timothée Chalamet,Lyna Khoudri,Jeffrey Wright,Mathieu Amalric,Steve Park,,,,,
11/03/2022,Happy Death Day,2017,7,6.6,96,Comedy,Horror,Mystery,Thriller,,Christopher Landon,,,Scott Lobdell,,,Jessica Rothe,Israel Broussard,Ruby Modine,Charles Aitken,Laura Clifton,Jason Bayle,Rob Mello,Rachel Matthews,Ramsey Anderson,Brady Lewis,,,,,
12/03/2022,The King's Man,2021,6,6.3,131,Action,Adventure,Thriller,,,Matthew Vaughn,,,Matthew Vaughn,Karl Gajdusek,,Djimon Hounsou,Ralph Fiennes,Shaun Yusuf McKee,Peter York,Matthew Goode,Charles Dance,Alexandra Maria Lara,Alexander Shaw,Bevan Viljoen,Harris Dickinson,,,,,
19/03/2022,Scream,1996,8,7.4,111,Horror,Mystery,,,,Wes Craven,,,Kevin Williamson,,,Drew Barrymore,Roger Jackson,Kevin Patrick Walls,David Booth,Carla Hatley,Neve Campbell,Skeet Ulrich,Lawrence Hecht,Courteney Cox,W. Earl Brown,,,,,
22/03/2022,Scream 2,1997,7,6.3,120,Horror,Mystery,,,,Wes Craven,,,Kevin Williamson,,Kevin Williamson,Jada Pinkett Smith,Omar Epps,Paulette Patterson,Rasila Schroeder,Heather Graham,Roger Jackson,Peter Deming,Molly Gross,Rebecca McFarland,Neve Campbell,,,,,
25/03/2022,The Lost Daughter,2021,8,6.7,121,Drama,,,,,Maggie Gyllenhaal,,,Maggie Gyllenhaal,,Elena Ferrante,Olivia Colman,Jessie Buckley,Dakota Johnson,Ed Harris,Peter Sarsgaard,Paul Mescal,Dagmara Dominczyk,Robyn Elwell,Jack Farthing,Ellie Mae Blake,,,,,
26/03/2022,Dune: Part One,2021,9,8.0,155,Action,Adventure,Drama,Sci-Fi,,Denis Villeneuve,,,Jon Spaihts,Denis Villeneuve,Eric Roth,Timothée Chalamet,Rebecca Ferguson,Oscar Isaac,Jason Momoa,Stellan Skarsgård,Stephen McKinley Henderson,Josh Brolin,Javier Bardem,Sharon Duncan-Brewster,Chang Chen,,,,,
01/04/2022,It: Chapter Two,2019,5,6.5,169,Drama,Fantasy,Horror,,,Andy Muschietti,,,Stephen King,,Gary Dauberman,Jessica Chastain,James McAvoy,Bill Hader,Isaiah Mustafa,Jay Ryan,James Ransone,Andy Bean,Bill Skarsgård,Jaeden Martell,Wyatt Oleff,,,,,
02/04/2022,CODA,2021,9,8.0,111,Comedy,Drama,Music,,,Sian Heder,,,Sian Heder,,Victoria Bedos,Emilia Jones,Troy Kotsur,Daniel Durant,John Fiore,Lonnie Farmer,Kevin Chapman,Amy Forsyth,Courtland Jones,Molly B. Thomas,Ferdia Walsh-Peelo,,,,,
03/04/2022,The Two Faces of January,2014,6,6.2,96,Crime,Mystery,Romance,Thriller,,Hossein Amini,,,Hossein Amini,,Patricia Highsmith,Oscar Isaac,Viggo Mortensen,Kirsten Dunst,Daisy Bevan,Babis Hatzidakis,David Warshofsky,Pat Hillard,Ozan Tas,Peter Mair,Helena Jinx Jones,,,,,
10/04/2022,The Matrix Resurrections,2021,6,5.6,148,Action,Sci-Fi,,,,Lana Wachowski,,,Lana Wachowski,David Mitchell,Aleksandar Hemon,Keanu Reeves,Carrie-Anne Moss,Yahya Abdul-Mateen II,Jonathan Groff,Jessica Henwick,Neil Patrick Harris,Jada Pinkett Smith,Priyanka Chopra Jonas,Christina Ricci,Lambert Wilson,,,,,
14/04/2022,Death on the Nile,2022,7,6.3,127,Crime,Drama,Mystery,,,Kenneth Branagh,,,Michael Green,,Agatha Christie,Michael Rouse,Alaa Safi,Orlando Seale,Charlie Anson,Danny Hughes,Sam James Page,Kenneth Branagh,James Schofield,George Jaques,Jonah Rzeskiewicz,,,,,
16/04/2022,Windfall,2022,7,5.7,92,Crime,Drama,Thriller,,,Charlie McDowell,,,Charlie McDowell,Jason Segel,Justin Lader,Jason Segel,Lily Collins,Jesse Plemons,Omar Leyva,,,,,,,,,,,
17/04/2022,Red Rocket,2021,7,7.1,130,Comedy,Drama,Romance,,,Sean Baker,,,Sean Baker,Chris Bergoch,,Simon Rex,Bree Elrod,Brenda Deiss,Sophie,Vickie Pearce,Bashir Abboud,Kevin Cavanaugh,Caressa Garza,Marlon Lambert,Judy Hill,,,,,
23/04/2022,The Worst Person in the World,2021,7,7.7,128,Comedy,Drama,Romance,,,Joachim Trier,,,Eskil Vogt,Joachim Trier,,Renate Reinsve,Anders Danielsen Lie,Herbert Nordrum,Hans Olav Brenner,Helene Bjørneby,Vidar Sandem,Maria Grazia Di Meo,Lasse Gretland,Karen Røise Kielland,Marianne Krogh,,,,,
24/04/2022,Inside Llewyn Davis,2013,7,7.4,104,Drama,Music,,,,Ethan Coen,Joel Coen,,Joel Coen,Ethan Coen,,Oscar Isaac,Carey Mulligan,Justin Timberlake,Ethan Phillips,Robin Bartlett,Max Casella,Jerry Grayson,Jeanine Serralles,Adam Driver,Stark Sands,,,,,
29/04/2022,A Most Violent Year,2014,7,6.9,125,Crime,Drama,Thriller,,,J.C. Chandor,,,J.C. Chandor,,,Oscar Isaac,Elyes Gabel,Jessica Chastain,Lorna Pruce,Christopher Abbott,Matthew Maher,Albert Brooks,Jerry Adler,Quinn Meyers,Chester Jones III,,,,,
30/04/2022,Silent Night,2021,6,5.8,92,Comedy,Drama,Horror,,,Camille Griffin,,,Camille Griffin,,,Keira Knightley,Matthew Goode,Roman Griffin Davis,Annabelle Wallis,Lily-Rose Depp,Sope Dirisu,Kirby Howell-Baptiste,Lucy Punch,Rufus Jones,Davida McKenzie,,,,,
07/05/2022,Chopper,2000,8,7.1,94,Biography,Crime,Drama,,,Andrew Dominik,,,Mark Brandon Read,,Andrew Dominik,Vince Colosimo,Eric Bana,Renée Brack,Gregory Pitt,Richard Sutherland,David Field,Simon Lyndon,Dan Wyllie,Gary Waddell,Andrew Dunn,,,,,
20/05/2022,Spencer,2021,7,6.5,117,Biography,Drama,,,,Pablo Larraín,,,Steven Knight,,,Kristen Stewart,Timothy Spall,Sally Hawkins,Jack Nielen,Freddie Spry,Jack Farthing,Sean Harris,Stella Gonet,Richard Sammel,Elizabeth Berrington,,,,,
22/05/2022,King Richard,2021,8,7.5,144,Biography,Drama,Sport,,,Reinaldo Marcus Green,,,Zach Baylin,,,Will Smith,Aunjanue Ellis-Taylor,Jon Bernthal,Saniyya Sidney,Demi Singleton,Tony Goldwyn,Mikayla Lashae Bartholomew,Daniele Lawson,Layla Crawford,Erika Ringor,,,,,
27/05/2022,Body of Lies,2008,7,7.0,128,Action,Drama,Thriller,,,Ridley Scott,,,William Monahan,,David Ignatius,Leonardo DiCaprio,Russell Crowe,Mark Strong,Golshifteh Farahani,Oscar Isaac,Ali Suliman,Alon Aboutboul,Vince Colosimo,Simon McBurney,Mehdi Nebbou,,,,,
29/05/2022,Nightmare Alley,2021,6,7.0,150,Crime,Drama,Thriller,,,Guillermo del Toro,,,Guillermo del Toro,Kim Morgan,,Bradley Cooper,Cate Blanchett,Toni Collette,Willem Dafoe,Richard Jenkins,Rooney Mara,Ron Perlman,Mary Steenburgen,David Strathairn,Mark Povinelli,,,,,
05/06/2022,Joint Security Area,2000,7,7.7,110,Action,Drama,Thriller,War,,Park Chan-wook,,,Park Chan-wook,,Kim Hyun-seok,Lee Yeong-ae,Lee Byung-hun,Song Kang-ho,Kim Tae-woo,Shin Ha-kyun,Herbert Ulrich,Christoph Hofrichter,Micara Adriana,Gallego Alberto,Ahmedov Ayder,,,,,
11/06/2022,The Batman,2022,8,7.8,176,Action,Crime,Drama,Mystery,Thriller,Matt Reeves,,,Matt Reeves,Peter Craig,,Robert Pattinson,Zoë Kravitz,Jeffrey Wright,Colin Farrell,Paul Dano,John Turturro,Andy Serkis,Peter Sarsgaard,Barry Keoghan,Jayme Lawson,,,,,
16/06/2022,Belfast,2021,6,7.2,98,Biography,Drama,,,,Kenneth Branagh,,,Kenneth Branagh,,,Jude Hill,Lewis McAskie,Caitríona Balfe,Jamie Dornan,Judi Dench,Ciarán Hinds,Josie Walker,Freya Yates,Nessa Eriksson,Charlie Barnard,,,,,
28/06/2022,Spiderhead,2022,6,5.5,106,Action,Crime,Drama,Sci-Fi,Thriller,Joseph Kosinski,,,George Saunders,,Rhett Reese,Chris Hemsworth,Miles Teller,Jurnee Smollett,Mark Paguio,Tess Haubrich,Ben Knight,Daniel Reader,Sam Delich,Ron Smyck,BeBe Bettencourt,,,,,
08/07/2022,The Bourne Identity,2002,7,7.8,119,Action,Mystery,Thriller,,,Doug Liman,,,Tony Gilroy,William Blake Herron,,Matt Damon,Franka Potente,Chris Cooper,Clive Owen,Brian Cox,Adewale Akinnuoye-Agbaje,Gabriel Mann,Walton Goggins,Josh Hamilton,Julia Stiles,,,,,
10/07/2022,Children of Men,2006,9,7.9,109,Drama,Sci-Fi,Thriller,,,Alfonso Cuarón,,,Alfonso Cuarón,Timothy J. Sexton,David Arata,Juan Gabriel Yacuzzi,Mishal Husain,Rob Curling,Clive Owen,Julianne Moore,Kim Fenton,Chris Gilbert,Phoebe Hawthorne,Rebecca Howard,Atalanta White,,,,,
11/07/2022,QT8: The First Eight,2019,7,7.3,103,Documentary,,,,,Tara Wood,,,Tara Wood,,,Zoë Bell,Louis Black,Bruce Dern,Robert Forster,Jamie Foxx,Richard N. Gladstein,Samuel L. Jackson,Jennifer Jason Leigh,Diane Kruger,Lucy Liu,,,,,
17/07/2022,The Talented Mr. Ripley,1999,8,7.4,139,Crime,Drama,Thriller,,,Anthony Minghella,,,Patricia Highsmith,,Anthony Minghella,Matt Damon,Gwyneth Paltrow,Jude Law,Cate Blanchett,Philip Seymour Hoffman,Jack Davenport,James Rebhorn,Sergio Rubini,Philip Baker Hall,Celia Weston,,,,,
24/07/2022,The Gray Man,2022,8,6.5,122,Action,Mystery,Thriller,,,Joe Russo,Anthony Russo,,Joe Russo,Christopher Markus,Stephen McFeely,Ryan Gosling,Chris Evans,Ana de Armas,Billy Bob Thornton,Jessica Henwick,Dhanush,Alfre Woodard,Regé-Jean Page,Wagner Moura,Julia Butters,,,,,
30/07/2022,The Duke,2020,7,6.9,95,Biography,Comedy,Crime,Drama,,Roger Michell,,,Richard Bean,Clive Coleman,,Helen Mirren,Matthew Goode,Jim Broadbent,Anna Maxwell Martin,Charlotte Spencer,Sian Clifford,Charles Edwards,Fionn Whitehead,James Wilby,Jack Bandeira,,,,,
05/08/2022,The Unbearable Weight of Massive Talent,2022,6,7.0,107,Action,Comedy,Crime,Thriller,,Tom Gormican,,,Tom Gormican,Kevin Etten,,Nicolas Cage,Pedro Pascal,Tiffany Haddish,Sharon Horgan,Paco León,Neil Patrick Harris,Lily Mo Sheen,Alessandra Mastronardi,Jacob Scipio,Katrin Vankova,,,,,
04/09/2022,Everything Everywhere All at Once,2022,8,7.8,139,Action,Adventure,Comedy,Drama,Fantasy,Daniel Kwan,Daniel Scheinert,,Daniel Kwan,Daniel Scheinert,,Michelle Yeoh,Stephanie Hsu,Ke Huy Quan,James Hong,Jamie Lee Curtis,Tallie Medel,Jenny Slate,Harry Shum Jr.,Biff Wiff,Sunita Mani,,,,,
10/09/2022,It Follows,2014,7,6.8,100,Horror,Mystery,Thriller,,,David Robert Mitchell,,,David Robert Mitchell,,,Bailey Spry,Carollette Phillips,Loren Bass,Keir Gilchrist,Maika Monroe,Lili Sepe,Charles Gertner,Debbie Williams,Olivia Luccardi,Jake Weary,,,,,
11/09/2022,The Place Beyond the Pines,2012,9,7.3,140,Crime,Drama,Thriller,,,Derek Cianfrance,,,Derek Cianfrance,Ben Coccio,,Ryan Gosling,Bradley Cooper,Eva Mendes,Olga Merediz,Angelo Anthony Pizza,Mahershala Ali,John Facci,Ben Mendelsohn,Tula,Penny,,,,,
17/09/2022,The Gift,2015,7,7.0,108,Drama,Mystery,Thriller,,,Joel Edgerton,,,Joel Edgerton,,,Jason Bateman,Rebecca Hall,Joel Edgerton,Allison Tolman,Tim Griffin,Busy Philipps,Adam Lazarre-White,Beau Knapp,Wendell Pierce,Mirrah Foulkes,,,,,
22/09/2022,As Good as It Gets,1997,7,7.7,139,Comedy,Drama,Romance,,,James L. Brooks,,,Mark Andrus,,Mark Andrus,Jack Nicholson,Helen Hunt,Greg Kinnear,Cuba Gooding Jr.,Skeet Ulrich,Shirley Knight,Yeardley Smith,Lupe Ontiveros,Jill the Dog,Timer the Dog,,,,,
23/09/2022,Thor: Love and Thunder,2022,7,6.2,118,Action,Adventure,Comedy,Romance,Sci-Fi,Taika Waititi,,,Taika Waititi,Jennifer Kaytin Robinson,,Chris Hemsworth,Natalie Portman,Christian Bale,Tessa Thompson,Taika Waititi,Russell Crowe,Jaimie Alexander,Idris Elba,Chris Pratt,Dave Bautista,,,,,
27/09/2022,Gravity,2013,8,7.7,91,Drama,Sci-Fi,Thriller,,,Alfonso Cuarón,,,Alfonso Cuarón,Jonás Cuarón,,Sandra Bullock,George Clooney,Ed Harris,Orto Ignatiussen,Phaldut Sharma,Amy Warren,Basher Savage,,,,,,,,
01/10/2022,Psycho,1960,7,8.5,109,Drama,Horror,Mystery,Thriller,,Alfred Hitchcock,,,Joseph Stefano,,Robert Bloch,Anthony Perkins,Vera Miles,John Gavin,Janet Leigh,Martin Balsam,John McIntire,Simon Oakland,Frank Albertson,Patricia Hitchcock,Vaughn Taylor,,,,,
07/10/2022,A Most Wanted Man,2014,7,6.7,122,Crime,Drama,Thriller,,,Anton Corbijn,,,Andrew Bovell,,John le Carré,Grigory Dobrygin,Philip Seymour Hoffman,Homayoun Ershadi,Mehdi Dehbi,Neil Malik Abdullah,Nina Hoss,Daniel Brühl,Vicky Krieps,Kostja Ullmann,Franz Hartwig,,,,,
15/10/2022,Where the Crawdads Sing,2022,7,7.2,125,Drama,Mystery,Romance,Thriller,,Olivia Newman,,,Delia Owens,,Lucy Alibar,Daisy Edgar-Jones,Taylor John Smith,Harris Dickinson,David Strathairn,Michael Hyatt,Sterling Macer Jr.,Logan Macrae,Bill Kelly,Ahna O'Reilly,Garret Dillahunt,,,,,
21/10/2022,The Black Phone,2021,6,6.9,103,Horror,Mystery,Thriller,,,Scott Derrickson,,,Joe Hill,,Scott Derrickson,Mason Thames,Madeleine McGraw,Ethan Hawke,Jeremy Davies,E. Roger Mitchell,Troy Rudeseal,James Ransone,Miguel Mora,Rebecca Clarke,J. Gaven Wilde,,,,,
28/10/2022,House of Wax,2005,7,5.5,113,Horror,Thriller,,,,Jaume Collet-Serra,,,Charles Belden,,Chad Hayes,Elisha Cuthbert,Chad Michael Murray,Brian Van Holt,Paris Hilton,Jared Padalecki,Jon Abrahams,Robert Ri'chard,Dragicia Debert,Thomas Adamson,Murray Smith,,,,,
05/11/2022,Halloween,1978,5,7.7,91,Horror,Thriller,,,,John Carpenter,,,John Carpenter,Debra Hill,,Donald Pleasence,Jamie Lee Curtis,Nancy Kyes,P.J. Soles,Charles Cyphers,Kyle Richards,Brian Andrews,John Michael Graham,Nancy Stephens,Arthur Malet,,,,,
12/11/2022,Only God Forgives,2013,6,5.7,90,Action,Crime,Drama,Thriller,,Nicolas Winding Refn,,,Nicolas Winding Refn,,,Ryan Gosling,Kristin Scott Thomas,Vithaya Pansringarm,Gordon Brown,Yayaying Rhatha Phongam,Tom Burke,Sahajak Boonthanakit,Pitchawat Petchayahon,Charlie Ruedpokanon,Kowit Wattanakul,,,,,
20/11/2022,Nope,2022,7,6.8,130,Horror,Mystery,Sci-Fi,Thriller,,Jordan Peele,,,Jordan Peele,,,Daniel Kaluuya,Keke Palmer,Brandon Perea,Michael Wincott,Steven Yeun,Wrenn Schmidt,Keith David,Devon Graye,Terry Notary,Barbie Ferreira,,,,,
02/12/2022,Bullet Train,2022,6,7.3,127,Action,Comedy,Thriller,,,David Leitch,,,Zak Olkewicz,,Kôtarô Isaka,Brad Pitt,Joey King,Aaron Taylor-Johnson,Brian Tyree Henry,Andrew Koji,Hiroyuki Sanada,Michael Shannon,Sandra Bullock,Bad Bunny,Logan Lerman,,,,,
23/12/2022,Poker Face,2022,5,5.2,94,Action,Crime,Thriller,,,Russell Crowe,,,Stephen M. Coates,,Stephen M. Coates,Russell Crowe,Liam Hemsworth,RZA,Aden Young,Steve Bastoni,Daniel MacPherson,Brooke Satchwell,Paul Tassone,Matt Nable,Benedict Hardie,,,,,
29/12/2022,Glass Onion,2022,8,7.1,139,Comedy,Crime,Drama,Mystery,Thriller,Rian Johnson,,,Rian Johnson,,,Daniel Craig,Edward Norton,Janelle Monáe,Kathryn Hahn,Leslie Odom Jr.,Kate Hudson,Dave Bautista,Jessica Henwick,Madelyn Cline,Noah Segan,,,,,
06/01/2023,The Swimmers,2022,8,7.4,134,Biography,Drama,Sport,,,Sally El Hosaini,,,Sally El Hosaini,,Jack Thorne,Matthias Schweighöfer,Ali Suliman,Dritan Kastrati,James Krishna Floyd,Ahmed Malek,Balázs Csémy,Daniel Eghan,Manal Issa,Aso Sherabayani,Roderick Hill,,,,,
07/01/2023,Raiders of the Lost Ark,1981,7,8.4,115,Action,Adventure,,,,Steven Spielberg,,,Lawrence Kasdan,,George Lucas,Harrison Ford,Karen Allen,Paul Freeman,Ronald Lacey,John Rhys-Davies,Denholm Elliott,Alfred Molina,Wolf Kahler,Anthony Higgins,Vic Tablian,,,,,
15/01/2023,The Game,1997,8,7.7,129,Drama,Mystery,Thriller,,,David Fincher,,,John Brancato,Michael Ferris,,Michael Douglas,Sean Penn,Deborah Kara Unger,James Rebhorn,Peter Donat,Carroll Baker,Anna Katarina,Armin Mueller-Stahl,Charles Martinet,Scott Hunter McGuire,,,,,
18/01/2023,The King,2019,8,7.3,140,Biography,Drama,History,War,,David Michôd,,,David Michôd,Joel Edgerton,,Tom Glynn-Carney,Gábor Czap,Tom Fisher,Edward Ashley,Steven Elder,Stephen Fewell,Sean Harris,Ivan Kaye,Tom Lawrence,Ben Mendelsohn,Timothée Chalamet,Robert Pattinson,Lily-Rose Depp,,
27/01/2023,The Lincoln Lawyer,2022,7,7.8,60,Crime,Drama,Mystery,Thriller,,,,,Michael Connelly,Michael Connelly,Ted Humphrey,Angus Sampson,Manuel Garcia-Rulfo,Becki Newton,Jazz Raycole,Neve Campbell,Yaya DaCosta,Krista Warner,Lana Parrilla,Christopher Gorham,Ntare Guma Mbaho Mwine,,,,,
28/01/2023,Guillermo del Toro's Pinocchio,2022,5,7.6,117,Animation,Adventure,Drama,Family,Fantasy,Guillermo del Toro,Mark Gustafson,,Guillermo del Toro,Patrick McHale,,Ewan McGregor,David Bradley,Gregory Mann,Burn Gorman,Ron Perlman,John Turturro,Finn Wolfhard,Cate Blanchett,Tim Blake Nelson,Christoph Waltz,,,,,
04/02/2023,Dallas Buyers Club,2013,7,7.9,117,Biography,Drama,,,,Jean-Marc Vallée,,,Craig Borten,Melisa Wallack,,Matthew McConaughey,Jennifer Garner,Jared Leto,Denis O'Hare,Steve Zahn,Michael O'Neill,Dallas Roberts,Griffin Dunne,Kevin Rankin,Donna Duplantier,,,,,
12/02/2023,In Bruges,2008,5,7.9,107,Comedy,Crime,Drama,Thriller,,Martin McDonagh,,,Martin McDonagh,,,Elizabeth Berrington,Rudy Blomme,Olivier Bonjour,Mark Donovan,Ann Elsley,Colin Farrell,Jean-Marc Favorin,Ralph Fiennes,Brendan Gleeson,Eric Godon,,,,,
18/02/2023,Run,2020,8,6.7,90,Drama,Horror,Mystery,Thriller,,Aneesh Chaganty,,,Aneesh Chaganty,Sev Ohanian,,Sarah Paulson,Kiera Allen,Sara Sohn,Pat Healy,Erik Athavale,BJ Harrison,Sharon Bajer,Onalee Ames,Joanne Rodriguez,Ernie Foort,,,,,
25/02/2023,Haute Cuisine,2012,7,6.4,95,Biography,Comedy,,,,Christian Vincent,,,Etienne Comar,Christian Vincent,,Catherine Frot,Arthur Dupont,Jean d'Ormesson,Hippolyte Girardot,Jean-Marc Roulot,Philippe Uchan,Laurent Poitrenaux,Hervé Pierre,Brice Fournier,Roch Leibovici,,,,,
11/03/2023,Harry Potter and the Sorcerer's Stone,2001,8,7.7,152,Adventure,Family,Fantasy,,,Chris Columbus,,,J.K. Rowling,,Steve Kloves,Richard Harris,Maggie Smith,Robbie Coltrane,Saunders Triplets,Daniel Radcliffe,Fiona Shaw,Harry Melling,Richard Griffiths,Derek Deadman,Ian Hart,Emma Watson,,,,
25/03/2023,Top Gun: Maverick,2022,8,8.2,130,Action,Drama,,,,Joseph Kosinski,,,Jim Cash,Jack Epps Jr.,,Tom Cruise,Val Kilmer,Miles Teller,Jennifer Connelly,Bashir Salahuddin,Jon Hamm,Charles Parnell,Monica Barbaro,Lewis Pullman,Jay Ellis,,,,,
31/03/2023,Luther: The Fallen Sun,2023,7,6.4,129,Action,Crime,Drama,Mystery,Thriller,Jamie Payne,,,Neil Cross,,Neil Cross,Idris Elba,Cynthia Erivo,Andy Serkis,Dermot Crowley,Thomas Coombes,Hattie Morahan,Lauryn Ajufo,Vincent Regan,Ross Waiton,Dan Li,,,,,
08/04/2023,Elvis,2022,9,7.3,159,Biography,Drama,Music,,,Baz Luhrmann,,,Baz Luhrmann,Sam Bromell,Craig Pearce,Austin Butler,Tom Hanks,Olivia DeJonge,Helen Thomson,Richard Roxburgh,Kelvin Harrison Jr.,David Wenham,Kodi Smit-McPhee,Luke Bracey,Dacre Montgomery,,,,,
10/04/2023,This Is 40,2012,6,6.2,134,Comedy,Drama,Romance,,,Judd Apatow,,,Judd Apatow,,Judd Apatow,Paul Rudd,Leslie Mann,Maude Apatow,Iris Apatow,Jason Segel,Annie Mumolo,Robert Smigel,Megan Fox,Charlyne Yi,Hugh Fink,,,,,
14/04/2023,The Outfit,2022,6,7.2,105,Crime,Drama,Mystery,Thriller,,Graham Moore,,,Graham Moore,Johnathan McClain,,Mark Rylance,Zoey Deutch,John Gumley-Mason,Stephen Knox,Steve Chatfield,Michal Forejtek,Dylan O'Brien,Johnny Flynn,Johnathan McClain,Lauris Karklins,,,,,
15/04/2023,Unsane,2018,7,6.4,98,Drama,Horror,Mystery,Thriller,,Steven Soderbergh,,,Jonathan Bernstein,James Greer,,Joshua Leonard,Claire Foy,Sarah Stiles,Marc Kudisch,Amy Irving,Colin Woodell,Myra Lucretia Taylor,Lynda Mauze,Zach Cherry,Polly McKie,,,,,
24/04/2023,The Whale,2022,7,7.6,117,Drama,,,,,Darren Aronofsky,,,Samuel D. Hunter,,Samuel D. Hunter,Brendan Fraser,Sadie Sink,Ty Simpkins,Hong Chau,Samantha Morton,Sathya Sridharan,Jacey Sink,Allison Altman,David Maire,Lance Oppenheim,,,,,
28/04/2023,Old,2021,7,5.8,108,Drama,Horror,Mystery,Thriller,,M. Night Shyamalan,,,M. Night Shyamalan,,Pierre-Oscar Lévy,Gael García Bernal,Vicky Krieps,Rufus Sewell,Alex Wolff,Thomasin McKenzie,Abbey Lee,Nikki Amuka-Bird,Ken Leung,Eliza Scanlen,Aaron Pierre,,,,,
12/05/2023,Stillwater,2021,8,6.6,139,Crime,Drama,Mystery,Thriller,,Tom McCarthy,,,Tom McCarthy,Marcus Hinchey,Thomas Bidegain,Matt Damon,Camille Cottin,Abigail Breslin,Lilou Siauvaud,Deanna Dunagan,Idir Azougli,Anne Le Ny,Moussa Maaskri,Isabelle Tanakil,Naidra Ayadi,,,,,
14/05/2023,The Mist,2007,6,7.1,126,Horror,Sci-Fi,Thriller,,,Frank Darabont,,,Frank Darabont,,Stephen King,Thomas Jane,Marcia Gay Harden,Laurie Holden,Andre Braugher,Toby Jones,William Sadler,Jeffrey DeMunn,Frances Sternhagen,Nathan Gamble,Alexa Davalos,,,,,
27/05/2023,Indiana Jones and the Last Crusade,1989,8,8.2,127,Action,Adventure,,,,Steven Spielberg,,,Jeffrey Boam,,George Lucas,Harrison Ford,Sean Connery,Denholm Elliott,Alison Doody,John Rhys-Davies,Julian Glover,River Phoenix,Michael Byrne,Kevork Malikyan,Robert Eddison,,,,,
28/05/2023,Escape Plan: The Extractors,2019,5,4.4,87,Action,Crime,Thriller,,,John Herzfeld,,,Miles Chapman,John Herzfeld,,Sylvester Stallone,Dave Bautista,50 Cent,Jin Zhang,Harry Shum Jr.,Devon Sawa,Jaime King,Lydia Hull,Melise,Russell Wong,,,,,
03/06/2023,Scream VI,2023,8,6.4,122,Horror,Mystery,Thriller,,,Matt Bettinelli-Olpin,Tyler Gillett,,James Vanderbilt,Guy Busick,,Courteney Cox,Melissa Barrera,Jenna Ortega,Jasmin Savoy Brown,Mason Gooding,Skeet Ulrich,Roger Jackson,Dermot Mulroney,Jack Champion,Josh Segarra,,,,,
09/06/2023,Escape Plan,2013,7,6.7,115,Action,Thriller,,,,Mikael Håfström,,,Miles Chapman,Jason Keller,,Sylvester Stallone,Arnold Schwarzenegger,Jim Caviezel,Faran Tahir,Amy Ryan,Sam Neill,Vincent D'Onofrio,Vinnie Jones,Matt Gerald,50 Cent,,,,,
11/06/2023,Kill Boksoon,2023,7,6.6,137,Action,Thriller,,,,Byun Sung-hyun,,,Byun Sung-hyun,,,Lee Jae-wook,Jeon Do-yeon,Hwang Jung-min,Sul Kyung-gu,Koo Kyo-hwan,Esom,Lee Yeon,Elyse Dinh,Fahim Fazli,Lee Hae-young,,,,,
16/06/2023,Mr. Church,2016,7,7.6,104,Comedy,Drama,,,,Bruce Beresford,,,Susan McMartin,,,Eddie Murphy,Britt Robertson,Natascha McElhone,Xavier Samuel,Lucy Fry,Christian Madsen,Mckenna Grace,Natalie Coughlin,Madison Wolfe,Lincoln Melcher,,,,,
18/06/2023,She Said,2022,7,7.3,129,Crime,Drama,History,,,Maria Schrader,,,Rebecca Lenkiewicz,,Jodi Kantor,Lola Petticrew,Katherine Laheen,Zoe Kazan,Carey Mulligan,Emma Clare O'Connor,Tom Pelphrey,Dalya Knapp,Emery Ellis Harper,Adam Shapiro,James Austin Johnson,,,,,
25/06/2023,The Walk,2015,8,7.3,123,Adventure,Biography,Drama,,,Robert Zemeckis,,,Robert Zemeckis,Christopher Browne,,Joseph Gordon-Levitt,Ben Kingsley,Charlotte Le Bon,James Badge Dale,Clément Sibony,César Domboy,Benedict Samuel,Ben Schwartz,Steve Valentine,Soleyman Pierini,,,,,
09/07/2023,Two for the Money,2005,7,6.2,122,Crime,Drama,Sport,,,D.J. Caruso,,,Dan Gilroy,,,Al Pacino,Matthew McConaughey,Rene Russo,Armand Assante,Jeremy Piven,Jaime King,Kevin Chapman,Ralph Garman,Gedde Watanabe,Carly Pope,,,,,
13/07/2023,Don't Worry Darling,2022,7,6.3,123,Drama,Mystery,Thriller,,,Olivia Wilde,,,Katie Silberman,,Carey Van Dyke,Florence Pugh,Harry Styles,Chris Pine,Olivia Wilde,KiKi Layne,Gemma Chan,Nick Kroll,Sydney Chandler,Kate Berlant,Asif Ali,,,,,
20/07/2023,Guardians of the Galaxy,2014,7,8.0,121,Action,Adventure,Comedy,Sci-Fi,,James Gunn,,,James Gunn,Nicole Perlman,,Chris Pratt,Zoe Saldaña,Dave Bautista,Vin Diesel,Bradley Cooper,Lee Pace,Michael Rooker,Karen Gillan,Djimon Hounsou,John C. Reilly,,,,,
22/07/2023,The Menu,2022,8,7.2,107,Comedy,Horror,Thriller,,,Mark Mylod,,,Seth Reiss,Will Tracy,,Ralph Fiennes,Anya Taylor-Joy,Nicholas Hoult,Hong Chau,Janet McTeer,Paul Adelstein,John Leguizamo,Aimee Carrero,Reed Birney,Judith Light,,,,,
30/07/2023,True Lies,1994,7,7.3,141,Action,Comedy,Thriller,,,James Cameron,,,James Cameron,,Claude Zidi,Arnold Schwarzenegger,Jamie Lee Curtis,Tom Arnold,Bill Paxton,Tia Carrere,Art Malik,Eliza Dushku,Grant Heslov,Marshall Manesh,James Allen,,,,,
05/08/2023,Amsterdam,2022,8,6.1,134,Comedy,Drama,History,Mystery,Thriller,David O. Russell,,,David O. Russell,,,Christian Bale,Margot Robbie,John David Washington,Alessandro Nivola,Andrea Riseborough,Anya Taylor-Joy,Chris Rock,Matthias Schoenaerts,Michael Shannon,Mike Myers,,,,,
20/08/2023,Poisoned: The Dirty Truth About Your Food,2023,7,6.8,83,Documentary,,,,,Stephanie Soechtig,,,Jeff Benedict,,,Mindy Brashears,Ben Chapman,Pablo Dayer,Rosa DeLauro,Darin Detwiler,Sandy Eskin,Christine Haughney,Candie Ingberg,Scott Ingberg,Stephanie Ingberg,,,,,
16/08/2023,A History of Violence,2005,7,7.4,96,Action,Crime,Drama,Thriller,,David Cronenberg,,,John Wagner,Vince Locke,,Viggo Mortensen,Maria Bello,Ed Harris,William Hurt,Ashton Holmes,Peter MacNeill,Stephen McHattie,Greg Bryk,Kyle Schmid,Sumela Kay,,,,,
19/08/2023,Air,2023,7,7.4,111,Drama,Sport,,,,Ben Affleck,,,Alex Convery,,,Matt Damon,Jason Bateman,Ben Affleck,Chris Messina,Viola Davis,Julius Tennon,Damian Delano Young,Chris Tucker,Matthew Maher,Gustaf Skarsgård,,,,,
27/08/2023,The Tender Bar,2021,7,6.7,106,Biography,Drama,,,,George Clooney,,,William Monahan,,J.R. Moehringer,Ben Affleck,Tye Sheridan,Daniel Ranieri,Lily Rabe,Christopher Lloyd,Max Martini,Rhenzy Feliz,Briana Middleton,Max Casella,Sondra James,,,,,
30/08/2023,Moon,2009,7,7.8,97,Drama,Mystery,Sci-Fi,,,Duncan Jones,,,Duncan Jones,,Nathan Parker,Sam Rockwell,Kevin Spacey,Dominique McElligott,Rosie Shaw,Adrienne Shaw,Kaya Scodelario,Benedict Wong,Matt Berry,Malcolm Stewart,Robin Chalk,,,,,
04/09/2023,John Wick: Chapter 4,2023,9,7.6,169,Action,Crime,Thriller,,,Chad Stahelski,,,Shay Hatten,Michael Finch,,Keanu Reeves,Laurence Fishburne,George Georgiou,Lance Reddick,Clancy Brown,Ian McShane,Marko Zaror,Bill Skarsgård,Donnie Yen,Aimée Kwan,,,,,
07/09/2023,Babylon,2022,8,7.1,189,Comedy,Drama,,,,Damien Chazelle,,,Damien Chazelle,,,J.C. Currais,Diego Calva,Jimmy Ortega,Marcos A. Ferraez,Shane Powers,Phoebe Tonkin,Troy Metcalf,Jovan Adepo,Hansford Prince,Telvin Griffin,Brad Pitt,Margot Robbie,,,
09/09/2023,Guardians of the Galaxy Vol. 3,2023,8,7.9,150,Action,Adventure,Comedy,Sci-Fi,,James Gunn,,,James Gunn,,Jim Starlin,Chukwudi Iwuji,Bradley Cooper,Pom Klementieff,Dave Bautista,Karen Gillan,Vin Diesel,Austin Freeman,Stephen Blackehart,Terence Rosemore,Maria Bakalova,Chris Pratt,,,,
23/09/2023,Barbie,2023,7,6.8,114,Adventure,Comedy,Fantasy,,,Greta Gerwig,,,Greta Gerwig,Noah Baumbach,,Margot Robbie,Issa Rae,Kate McKinnon,Alexandra Shipp,Emma Mackey,Hari Nef,Sharon Rooney,Ana Cruz Kayne,Ritu Arya,Dua Lipa,Ryan Gosling,,,,
14/10/2023,See How They Run,2022,6,6.5,98,Comedy,Crime,Mystery,,,Tom George,,,Mark Chappell,,,Kieran Hodgson,Pearl Chanda,Gregory Cox,Harris Dickinson,Maggie McCarthy,Charlie Cooper,Ruth Wilson,Oliver Jackson,Tomi Ogbaro,Reece Shearsmith,,,,,
22/10/2023,The House That Jack Built,2018,7,6.8,152,Crime,Drama,Horror,,,Lars von Trier,,,Lars von Trier,,Jenle Hallund,Matt Dillon,Bruno Ganz,Uma Thurman,Siobhan Fallon Hogan,Sofie Gråbøl,Riley Keough,Jeremy Davies,Jack McKenzie,Mathias Hjelm,Ed Speleers,,,,,
06/11/2023,Dungeons & Dragons: Honor Among Thieves,2023,7,7.2,134,Action,Adventure,Comedy,Fantasy,,John Francis Daley,Jonathan Goldstein,,Jonathan Goldstein,John Francis Daley,Michael Gilio,Chris Pine,Michelle Rodriguez,Regé-Jean Page,Justice Smith,Sophia Lillis,Hugh Grant,Chloe Coleman,Daisy Head,Kyle Hixon,Spencer Wilding,,,,,
10/11/2023,The Informer,2019,8,6.6,113,Action,Crime,Drama,Thriller,,Andrea Di Stefano,,,Matt Cook,Rowan Joffe,Andrea Di Stefano,Joel Kinnaman,Mateusz Kosciukiewicz,Karma Meyer,Ana de Armas,Rosamund Pike,Clive Owen,Martin McCann,Janusz Sheagall,Srbo Markovic,Ignacy Rybarczyk,,,,,
11/11/2023,The Bachelors,2017,9,6.8,99,Comedy,Drama,Romance,,,Kurt Voelker,,,Kurt Voelker,,,J.K. Simmons,Josh Wiggins,Odeya Rush,Kevin Dunn,Julie Delpy,Harold Perrineau,Kimberly Crandall,Tyrel Jackson Williams,Jae Head,Kitana Turnbull,,,,,
16/11/2023,A Trip to Infinity,2022,8,7.0,79,Documentary,,,,,Jonathan Halperin,Drew Takahashi,,Jonathan Halperin,,Alex Ricciardi,Alan Lightman,Delilah Gates,Stephon Alexander,Anthony Aguirre,Steve Strogatz,Moon Duchin,Eugenia Cheng,Carlo Rovelli,Rebecca Newberger Goldstein,Kenny Easwaran,,,,,
19/11/2023,Knock at the Cabin,2023,7,6.1,100,Horror,Mystery,Thriller,,,M. Night Shyamalan,,,Paul Tremblay,,M. Night Shyamalan,Dave Bautista,Jonathan Groff,Ben Aldridge,Nikki Amuka-Bird,Rupert Grint,Abby Quinn,Kristen Cui,McKenna Kerrigan,Ian Merrill Peakes,Denise Nakano,,,,,
25/11/2023,Harry Potter and the Chamber of Secrets,2002,7,7.4,161,Adventure,Family,Fantasy,Mystery,,Chris Columbus,,,J.K. Rowling,,Steve Kloves,Daniel Radcliffe,Rupert Grint,Emma Watson,Richard Griffiths,Fiona Shaw,Harry Melling,Toby Jones,Jim Norton,Veronica Clifford,James Phelps,,,,,
30/11/2023,Anelka: Misunderstood,2020,6,6.4,94,Documentary,Sport,,,,Franck Nataf,,,,,,Nicolas Anelka,Roman Abramovich,Fabrice Abriel,Samir Amireche,Barbara Anelka,Claude Anelka,Didier Anelka,Jean-Philippe Anelka,Kahil Anelka,Maruerite Anelka,,,,,
02/12/2023,Harry Potter and the Prisoner of Azkaban,2004,8,7.9,142,Adventure,Family,Fantasy,Mystery,,Alfonso Cuarón,,,J.K. Rowling,,Steve Kloves,Daniel Radcliffe,Richard Griffiths,Pam Ferris,Fiona Shaw,Harry Melling,Adrian Rawlins,Geraldine Somerville,Lee Ingleby,Lenny Henry,Jimmy Gardner,Emma Watson,,,,
05/12/2023,Harry Potter and the Goblet of Fire,2005,7,7.7,157,Adventure,Family,Fantasy,Mystery,,Mike Newell,,,Steve Kloves,,J.K. Rowling,Eric Sykes,Timothy Spall,David Tennant,Daniel Radcliffe,Emma Watson,Rupert Grint,Mark Williams,James Phelps,Oliver Phelps,Bonnie Wright,,,,,
10/12/2023,Leave the World Behind,2023,6,6.4,138,Drama,Mystery,Thriller,,,Sam Esmail,,,Rumaan Alam,,Sam Esmail,Julia Roberts,Mahershala Ali,Ethan Hawke,Myha'la,Farrah Mackenzie,Charlie Evans,Kevin Bacon,Alexis Rae Forlenza,Vanessa Aspillaga,Josh Drennen,,,,,
12/12/2023,The Wonderful Story of Henry Sugar,2023,5,7.4,40,Short,Adventure,Comedy,Drama,,Wes Anderson,,,Roald Dahl,,Wes Anderson,Ralph Fiennes,Benedict Cumberbatch,Dev Patel,Ben Kingsley,Richard Ayoade,Jarvis Cocker,Rebecca Cornford,David Gant,Martin Foreman,Agatino Trimarchi,,,,,
15/12/2023,BlackBerry,2023,6,7.3,120,Biography,Comedy,Drama,History,,Matt Johnson,,,Jacquie McNish,Sean Silcoff,,Jay Baruchel,Glenn Howerton,Matt Johnson,Kelly Van der Burg,Gregory Ambrose Calderone,Laura Cilevitz,Martin Donovan,James Elliot Miniou,Fuad Musayev,Ethan Eng,,,,,
19/12/2023,Death Note,2017,6,4.5,101,Crime,Drama,Fantasy,Horror,Mystery,Adam Wingard,,,Charley Parlapanides,Vlas Parlapanides,Jeremy Slater,Nat Wolff,LaKeith Stanfield,Margaret Qualley,Shea Whigham,Willem Dafoe,Jason Liles,Paul Nakauchi,Jack Ettlinger,Matthew Kevin Anderson,Chris Britton,,,,,
23/12/2023,Crazy Stupid Love.,2011,8,7.4,118,Comedy,Drama,Romance,,,Glenn Ficarra,John Requa,,Dan Fogelman,,,Steve Carell,Ryan Gosling,Julianne Moore,Emma Stone,Lio Tipton,Jonah Bobo,Joey King,Marisa Tomei,Beth Littleford,John Carroll Lynch,,,,,
27/12/2023,Harry Potter and the Order of the Phoenix,2007,7,7.5,138,Action,Adventure,Family,Fantasy,Mystery,David Yates,,,Michael Goldenberg,,J.K. Rowling,Daniel Radcliffe,Harry Melling,Jason Boyd,Richard Macklin,Kathryn Hunter,Miles Jupp,Fiona Shaw,Richard Griffiths,Jessica Hynes,Adrian Rawlins,Emma Watson,,,,
30/12/2023,50/50,2011,6,7.6,100,Comedy,Drama,Romance,,,Jonathan Levine,,,Will Reiser,,,Joseph Gordon-Levitt,Seth Rogen,Anna Kendrick,Bryce Dallas Howard,Anjelica Huston,Serge Houde,Andrew Airlie,Matt Frewer,Philip Baker Hall,Donna Yamamoto,,,,,
31/12/2023,Reptile,2023,8,6.8,134,Crime,Drama,Mystery,Thriller,,Grant Singer,,,Grant Singer,Benjamin Brewer,Benicio Del Toro,Benicio Del Toro,Justin Timberlake,Eric Bogosian,Alicia Silverstone,Domenick Lombardozzi,Frances Fisher,Ato Essandoh,Michael Pitt,Karl Glusman,Mike Pniewski,,,,,
01/01/2024,The Killer,2023,7,6.7,118,Action,Adventure,Crime,Drama,Thriller,David Fincher,,,Alexis Nolent,,Luc Jacamon,Michael Fassbender,Tilda Swinton,Charles Parnell,Arliss Howard,Kerry O'Malley,Sophie Charlotte,Emiliano Pernía,Gabriel Polanco,Sala Baker,Endre Hules,,,,,
04/01/2024,Harry Potter and the Half-Blood Prince,2009,6,7.6,153,Action,Adventure,Family,Fantasy,Mystery,David Yates,,,Steve Kloves,,J.K. Rowling,Daniel Radcliffe,Michael Gambon,Dave Legeno,Elarica Johnson,Jim Broadbent,Geraldine Somerville,Bonnie Wright,Julie Walters,Rupert Grint,Emma Watson,,,,,
06/01/2024,The Whole Nine Yards,2000,7,6.7,98,Comedy,Crime,,,,Jonathan Lynn,,,Mitchell Kapner,,,Bruce Willis,Matthew Perry,Rosanna Arquette,Michael Clarke Duncan,Natasha Henstridge,Amanda Peet,Kevin Pollak,Harland Williams,Carmen Ferland,Serge Christiaenssens,,,,,
13/01/2024,Extraction II,2023,7,7.0,122,Action,Crime,Thriller,,,Sam Hargrave,,,Joe Russo,,Ande Parks,Chris Hemsworth,Golshifteh Farahani,Adam Bessa,Tornike Gogrichiani,Demetre Kavelashvili,Tornike Bziava,Giga Shavadze,Tinatin Dalakishvili,Andro Japaridze,Mariami Kovziashvili,,,,,
17/01/2024,Get Out,2017,8,7.8,104,Horror,Mystery,Thriller,,,Jordan Peele,,,Jordan Peele,,,Daniel Kaluuya,Allison Williams,Catherine Keener,Bradley Whitford,Caleb Landry Jones,Marcus Henderson,Betty Gabriel,LaKeith Stanfield,Stephen Root,Lil Rel Howery,,,,,
02/02/2024,Maestro,2023,5,6.5,129,Biography,Drama,History,Music,Romance,Bradley Cooper,,,Bradley Cooper,Josh Singer,,Carey Mulligan,Bradley Cooper,Matt Bomer,Vincenzo Amato,Greg Hildreth,Michael Urie,Brian Klugman,Nick Blaemire,Mallory Portnoy,Alexandra Santini,,,,,
04/02/2024,Broker,2022,8,7.1,129,Comedy,Crime,Drama,,,Hirokazu Koreeda,,,Hirokazu Koreeda,,,Song Kang-ho,Gang Dong-won,Bae Doona,IU,Lee Joo-young,Seung-soo Im,Park Ji-yong,Kim Sun-young,Lee Moo-saeng,Lee Dong-hwi,,,,,
04/02/2024,I Don't Feel at Home in This World Anymore,2017,6,6.9,93,Comedy,Crime,Drama,Thriller,,Macon Blair,,,Macon Blair,,,Melanie Lynskey,Chris Doubek,Marilyn Faith Hickey,Jared Roylance,Macon Blair,Cristy Miles,Gary Anthony Williams,Michelle Moreno,Lee Eddy,Matt Orduna,,,,,
11/02/2024,Oppenheimer,2023,8,8.3,180,Biography,Drama,History,,,Christopher Nolan,,,Christopher Nolan,,Kai Bird,Cillian Murphy,Emily Blunt,Robert Downey Jr.,Alden Ehrenreich,Scott Grimes,Jason Clarke,Kurt Koehler,Tony Goldwyn,John Gowans,Macon Blair,,,,,
17/02/2024,Boiling Point,2021,7,7.5,92,Drama,Thriller,,,,Philip Barantini,,,Philip Barantini,,James Cummings,Stephen Graham,Vinette Robinson,Alice Feetham,Ray Panthaki,Hannah Walters,Malachi Kirby,Izuka Hoyle,Taz Skylar,Lauryn Ajufo,Jason Flemyng,,,,,
24/02/2024,Past Lives,2023,8,7.8,105,Drama,Romance,,,,Celine Song,,,Celine Song,,,Greta Lee,Teo Yoo,John Magaro,Moon Seung-ah,Leem Seung-min,Yun Ji-hye,Choi Won-young,Ahn Min-yeong,Seo Yeon-Woo,Kiha Chang,,,,,
02/03/2024,Dune: Part Two,2024,9,8.5,166,Action,Adventure,Drama,Sci-Fi,,Denis Villeneuve,,,Denis Villeneuve,Jon Spaihts,,Timothée Chalamet,Zendaya,Rebecca Ferguson,Javier Bardem,Josh Brolin,Austin Butler,Florence Pugh,Dave Bautista,Christopher Walken,Léa Seydoux,,,,,
18/03/2024,Triangle of Sadness,2022,7,7.3,147,Comedy,Drama,,,,Ruben Östlund,,,Ruben Östlund,,,Thobias Thorwid,Harris Dickinson,Charlbi Dean,Jiannis Moustos,Vicki Berlin,Dolly De Leon,Timoleon Gketsos,Alicia Eriksson,Woody Harrelson,Zlatko Buric,,,,,
23/03/2024,The Hunger Games: The Ballad of Songbirds & Snakes,2023,6,6.7,157,Action,Adventure,Drama,Sci-Fi,Thriller,Francis Lawrence,,,Michael Lesslie,Michael Arndt,,Dexter Sol Ansell,Rosa Gotzler,Clemens Schick,Fionnula Flanagan,Tom Blyth,Hunter Schafer,Ashley Liao,Athena Strates,Joshua Kantara,Amélie Hoeferle,Viola Davis,Peter Dinklage,,,
29/03/2024,Anatomy of a Fall,2023,9,7.6,151,Crime,Drama,Thriller,,,Justine Triet,,,Justine Triet,Arthur Harari,,Sandra Hüller,Swann Arlaud,Milo Machado-Graner,Antoine Reinartz,Samuel Theis,Jehnny Beth,Saadia Bentaïeb,Camille Rutherford,Anne Rotger,Sophie Fillières,,,,,
31/03/2024,Dream Scenario,2023,4,6.8,102,Comedy,Drama,Fantasy,Horror,,Kristoffer Borgli,,,Kristoffer Borgli,,,Lily Bird,Nicolas Cage,Julianne Nicholson,Jessica Clement,Star Slade,David Klein,Kaleb Horn,Liz Adjei,Paula Boudreau,Marnie McPhail,,,,,
02/04/2024,2001: A Space Odyssey,1968,6,8.3,149,Adventure,Sci-Fi,,,,Stanley Kubrick,,,Stanley Kubrick,Arthur C. Clarke,,Keir Dullea,Gary Lockwood,William Sylvester,Daniel Richter,Leonard Rossiter,Margaret Tyzack,Robert Beatty,Sean Sullivan,Douglas Rain,Frank W. Miller,,,,,
09/04/2024,Killers of the Flower Moon,2023,6,7.6,206,Crime,Drama,History,Western,,Martin Scorsese,,,Eric Roth,Martin Scorsese,,Leonardo DiCaprio,Robert De Niro,Lily Gladstone,Jesse Plemons,Tantoo Cardinal,John Lithgow,Brendan Fraser,Cara Jade Myers,Janae Collins,Jillian Dion,,,,,
11/04/2024,The Lobster,2015,7,7.1,119,Drama,Romance,Sci-Fi,Thriller,,Yorgos Lanthimos,,,Yorgos Lanthimos,Efthimis Filippou,,Jacqueline Abrahams,Roger Ashton-Griffiths,Jessica Barden,Olivia Colman,Anthony Dougall,Seán Duggan,Colin Farrell,Roland Ferrandi,James Finnegan,Robert Heaney,,,,,
13/04/2024,The Holdovers,2023,7,7.9,133,Comedy,Drama,,,,Alexander Payne,,,David Hemingson,,,Paul Giamatti,Dominic Sessa,Da'Vine Joy Randolph,Carrie Preston,Brady Hepner,Ian Dolley,Jim Kaplan,Michael Provost,Andrew Garman,Naheem Garcia,,,,,
26/04/2024,Mission: Impossible - Dead Reckoning Part One,2023,7,7.6,163,Action,Adventure,Thriller,,,Christopher McQuarrie,,,Bruce Geller,,Christopher McQuarrie,Tom Cruise,Hayley Atwell,Ving Rhames,Simon Pegg,Rebecca Ferguson,Vanessa Kirby,Esai Morales,Pom Klementieff,Henry Czerny,Shea Whigham,,,,,
28/04/2024,Road House,2024,7,6.2,121,Action,Drama,Thriller,,,Doug Liman,,,Anthony Bagarozzi,Chuck Mondry,,Jake Gyllenhaal,Daniela Melchior,Conor McGregor,Billy Magnussen,Jessica Williams,B.K. Cannon,Joaquim de Almeida,Post Malone,Lukas Gage,Dominique Columbus,,,,,
02/05/2024,Argylle,2024,7,5.6,139,Action,Comedy,Thriller,,,Matthew Vaughn,,,Jason Fuchs,,,Henry Cavill,Daniel Singh,Dua Lipa,Ariana DeBose,Richard E. Grant,John Cena,Bryce Dallas Howard,Jason Fuchs,Tomás Paredes,Bobby Holland Hanton,,,,,
04/05/2024,Tár,2022,8,7.4,158,Drama,Music,,,,Todd Field,,,Todd Field,,,Cate Blanchett,Noémie Merlant,Adam Gopnik,Marc-Martin Straub,Egon Brandstetter,Ylva Pollak,Paula Först,Sylvia Flote,Sydney Lemmon,Mark Strong,,,,,
10/05/2024,What We Do in the Shadows,2014,7,7.6,86,Comedy,Horror,Mockumentary,,,Jemaine Clement,Taika Waititi,,Jemaine Clement,Taika Waititi,,Jemaine Clement,Taika Waititi,Jonny Brugh,Cori Gonzalez-Macuer,Stu Rutherford,Ben Fransham,Jackie van Beek,Elena Stejko,Jason Hoyte,Karen O'Leary,Mike Minogue,Chelsie Preston Crayford,Ian Harcourt,Ethel Robinson,Katherine Bradley
14/05/2024,Asteroid City,2023,6,6.4,105,Comedy,Drama,Romance,Sci-Fi,,Wes Anderson,,,Wes Anderson,Roman Coppola,,Bryan Cranston,Edward Norton,Jason Schwartzman,Jake Ryan,Scarlett Johansson,Grace Edwards,Maya Hawke,Rupert Friend,Jeffrey Wright,Hope Davis,,,,,
19/05/2024,Decision to Leave,2022,6,7.3,139,Crime,Drama,Mystery,Romance,Thriller,Park Chan-wook,,,Park Chan-wook,,Chung Seo-kyung,Tang Wei,Park Hae-il,Lee Jung-hyun,Park Yong-woo,Go Kyung-pyo,Kim Shin-young,Yoo Seung-mok,Park Jeong-min,Seo Hyun-woo,Lee Hak-joo,,,,,
24/05/2024,Furiosa: A Mad Max Saga,2024,8,7.5,148,Action,Adventure,Sci-Fi,,,George Miller,,,George Miller,Nick Lathouris,,Anya Taylor-Joy,Chris Hemsworth,Tom Burke,Alyla Browne,George Shevtsov,Lachy Hulme,John Howard,Angus Sampson,Charlee Fraser,Elsa Pataky,,,,,
03/06/2024,Society of the Snow,2023,8,7.8,144,Adventure,Biography,Drama,History,Thriller,J.A. Bayona,,,J.A. Bayona,Bernat Vilaplana,Jaime Marques,Enzo Vogrincic,Agustín Pardella,Matías Recalt,Esteban Bigliardi,Diego Vegezzi,Fernando Contingiani,Esteban Kukuriczka,Francisco Romero,Rafael Federman,Valentino Alonso,,,,,
08/06/2024,The Dressmaker,2015,7,7.0,119,Comedy,Drama,,,,Jocelyn Moorhouse,,,Rosalie Ham,,Jocelyn Moorhouse,Kate Winslet,Judy Davis,Liam Hemsworth,Hugo Weaving,Julia Blake,Shane Bourne,Kerry Fox,Rebecca Gibney,Caroline Goodall,Gyton Grantley,,,,,
13/06/2024,One Day,2011,7,7.0,107,Drama,Romance,,,,Lone Scherfig,,,David Nicholls,,David Nicholls,Anne Hathaway,Jim Sturgess,Tom Mison,Jodie Whittaker,Tim Key,Rafe Spall,Joséphine de La Baume,Patricia Clarkson,Ken Stott,Heida Reed,,,,,
16/06/2024,"Confess, Fletch",2022,6,6.4,98,Comedy,Crime,Mystery,,,Greg Mottola,,,Gregory McDonald,,Greg Mottola,Jon Hamm,Caitlin Zerra Rose,Roy Wood Jr.,Ayden Mayeri,Lorenza Izzo,Erion Metani,Domenico Del Giacco,Kyle MacLachlan,Aaron Andrade,Travis Bennett,,,,,
21/06/2024,The Fundamentals of Caring,2016,8,7.3,97,Comedy,Drama,,,,Rob Burnett,,,Rob Burnett,,Jonathan Evison,Alex Huff,Donna Biscoe,Paul Rudd,Julia Denton,Jennifer Ehle,Craig Roberts,Ashley White,Matthew Pruitt,Alan Boell,Selena Gomez,,,,,
23/06/2024,Godzilla Minus One,2023,5,7.7,124,Action,Adventure,Drama,Horror,Sci-Fi,Takashi Yamazaki,,,Takashi Yamazaki,,Ishirô Honda,Minami Hamabe,Ryûnosuke Kamiki,Sakura Andô,Munetaka Aoki,Yuki Yamada,Kuranosuke Sasaki,Hidetaka Yoshioka,Miou Tanaka,Yûya Endô,Kenji Mizuhashi,,,,,
29/06/2024,Hit Man,2023,8,6.8,115,Comedy,Crime,Romance,,,Richard Linklater,,,Richard Linklater,Glen Powell,,Glen Powell,Adria Arjona,Austin Amelio,Retta,Sanjay Rao,Molly Bernard,Evan Holtzman,Gralen Bryant Banks,Mike Markoff,Bryant Carroll,,,,,
05/07/2024,Nyad,2023,9,7.1,121,Biography,Drama,Sport,,,Jimmy Chin,Elizabeth Chai Vasarhelyi,,Julia Cox,,Diana Nyad,Annette Bening,Jodie Foster,Anne Marie Kempf,Carolyn McCormick,Marcos Díaz,Belle Darling,Pearl Darling,Johnny Solo,Anna Harriette Pittman,Eric T. Miller,,,,,
06/07/2024,The Road,2009,8,7.2,111,Drama,Thriller,,,,John Hillcoat,,,Joe Penhall,,Cormac McCarthy,Viggo Mortensen,Kodi Smit-McPhee,Robert Duvall,Guy Pearce,Molly Parker,Michael Kenneth Williams,Garret Dillahunt,Charlize Theron,Bob Jennings,Agnes Herrmann,,,,,
14/07/2024,Misery,1990,7,7.8,107,Drama,Thriller,,,,Rob Reiner,,,Stephen King,,William Goldman,James Caan,Kathy Bates,Richard Farnsworth,Frances Sternhagen,Lauren Bacall,Graham Jarvis,Jerry Potter,Thomas Brunelle,June Christopher,Julie Payne,,,,,
20/07/2024,There Will Be Blood,2007,7,8.2,158,Drama,,,,,Paul Thomas Anderson,,,Paul Thomas Anderson,,Upton Sinclair,Daniel Day-Lewis,Martin Stringer,Matthew Braden Stringer,Jacob Stringer,Joseph Mussey,Barry Del Sherman,Harrison Taylor,Stockton Taylor,Paul F. Tompkins,Dillon Freasier,,,,,
27/07/2024,Rebel Moon - Part One: A Child of Fire,2023,7,5.6,133,Action,Adventure,Drama,Fantasy,Sci-Fi,Zack Snyder,,,Zack Snyder,Kurt Johnstad,Shay Hatten,Sofia Boutella,Djimon Hounsou,Ed Skrein,Michiel Huisman,Bae Doona,Ray Fisher,Charlie Hunnam,Anthony Hopkins,Staz Nair,Fra Fee,,,,,
04/08/2024,Back to Black,2024,8,6.3,122,Biography,Drama,Music,,,Sam Taylor-Johnson,,,Matt Greenhalgh,,,Marisa Abela,Jack O'Connell,Eddie Marsan,Lesley Manville,Juliet Cowan,Sam Buchanan,Pete Lee-Wilson,Thelma Ruby,Michael S. Siegel,Matilda Thorpe,,,,,
11/08/2024,Begin Again,2013,7,7.4,104,Comedy,Drama,Music,Romance,,John Carney,,,John Carney,,,James Corden,Keira Knightley,Mark Ruffalo,Hailee Steinfeld,Yasiin Bey,Karen Pittman,Paul Romero,Catherine Keener,Andrew Sellon,Ed Renninger,,,,,
11/08/2024,Rebel Moon - Part Two: The Scargiver,2024,6,5.3,122,Action,Adventure,Drama,Fantasy,Sci-Fi,Zack Snyder,,,Zack Snyder,Kurt Johnstad,Shay Hatten,Sofia Boutella,Djimon Hounsou,Ed Skrein,Michiel Huisman,Bae Doona,Ray Fisher,Anthony Hopkins,Staz Nair,Fra Fee,Cleopatra Coleman,,,,,
16/08/2024,Force of Nature: The Dry 2,2024,6,5.8,120,Crime,Mystery,Thriller,,,Robert Connolly,,,Robert Connolly,,Jane Harper,Eric Bana,Anna Torv,Deborra-Lee Furness,Robin McLeavy,Sisi Stringer,Lucy Ansell,Jacqueline McKenzie,Jeremy Lindsay Taylor,Richard Roxburgh,Tony Briggs,,,,,
18/08/2024,The Fall Guy,2024,7,6.8,126,Action,Comedy,Drama,Romance,,David Leitch,,,Glen A. Larson,,Drew Pearce,Ryan Gosling,Emily Blunt,Aaron Taylor-Johnson,Hannah Waddingham,Teresa Palmer,Stephanie Hsu,Winston Duke,Ben Knight,Matuse,Adam Dunn,,,,,
24/08/2024,Bleed for This,2016,7,6.8,117,Biography,Drama,Sport,,,Ben Younger,,,Ben Younger,,Ben Younger,Miles Teller,Aaron Eckhart,Katey Sagal,Ciarán Hinds,Ted Levine,Jordan Gelber,Amanda Clayton,Daniel Sauli,Christine Evangelista,Tina Casciani,,,,,
07/09/2024,The Giver,2014,8,6.4,97,Drama,Romance,Sci-Fi,Thriller,,Phillip Noyce,,,Michael Mitnick,Robert B. Weide,,Jeff Bridges,Meryl Streep,Brenton Thwaites,Alexander Skarsgård,Katie Holmes,Odeya Rush,Cameron Monaghan,Taylor Swift,Emma Tremblay,Alexander Jillings,,,,,
12/09/2024,Your Name.,2016,7,8.4,106,Animation,Drama,Fantasy,Romance,,Makoto Shinkai,,,Makoto Shinkai,Makoto Shinkai,,Ryûnosuke Kamiki,Mone Kamishiraishi,Ryo Narita,Aoi Yûki,Nobunaga Shimazaki,Kaito Ishikawa,Kanon Tani,Masaki Terasoma,Sayaka Ôhara,Kazuhiko Inoue,,,,,
14/09/2024,The Hateful Eight,2015,8,7.8,168,Crime,Drama,Mystery,Thriller,Western,Quentin Tarantino,,,Quentin Tarantino,,,Samuel L. Jackson,Kurt Russell,Jennifer Jason Leigh,Walton Goggins,Demián Bichir,Tim Roth,Michael Madsen,Bruce Dern,James Parks,Dana Gourrier,,,,,
21/09/2024,His Three Daughters,2023,7,7.2,101,Drama,,,,,Azazel Jacobs,,,Azazel Jacobs,,,Carrie Coon,Natasha Lyonne,Elizabeth Olsen,Rudy Galvan,Jose Febus,Randy Ramos Jr.,Jovan Adepo,Jasmine Bracey,Jay O. Sanders,,,,,,
27/09/2024,The Ministry of Ungentlemanly Warfare,2024,7,6.8,122,Action,Comedy,War,,,Guy Ritchie,,,Paul Tamasy,Eric Johnson,Arash Amel,Henry Cavill,Alan Ritchson,Alex Pettyfer,Eiza González,Babs Olusanmokun,Cary Elwes,Hero Fiennes Tiffin,Henry Golding,Rory Kinnear,Til Schweiger,,,,,
04/10/2024,Carrie,1976,7,7.4,98,Horror,Mystery,,,,Brian De Palma,,,Stephen King,,Lawrence D. Cohen,Sissy Spacek,Piper Laurie,Amy Irving,William Katt,John Travolta,Nancy Allen,Betty Buckley,P.J. Soles,Priscilla Pointer,Sydney Lassick,,,,,
05/10/2024,The Platform 2,2024,5,4.9,99,Horror,Sci-Fi,Thriller,,,Galder Gaztelu-Urrutia,,,Galder Gaztelu-Urrutia,Pedro Rivero,David Desola,Milena Smit,Hovik Keuchkerian,Natalia Tena,Óscar Jaenada,Ivan Massagué,Zorion Eguileor,Bastien Ughetto,Armando Buika,Pedro Bachura,Antonia San Juan,,,,,
12/10/2024,Lantana,2001,7,7.2,121,Drama,Mystery,Romance,,,Ray Lawrence,,,Andrew Bovell,,Andrew Bovell,Anthony LaPaglia,Rachael Blake,Kerry Armstrong,Manu Bennett,Melissa Martinez,Owen McKenna,Nicholas Cooper,Marc Dwyer,Puven Pather,Lionel Tozer,,,,,
15/10/2024,Unforgiven,1992,8,8.2,130,Drama,Western,,,,Clint Eastwood,,,David Webb Peoples,,,Clint Eastwood,Gene Hackman,Morgan Freeman,Richard Harris,Jaimz Woolvett,Saul Rubinek,Frances Fisher,Anna Thomson,David Mucci,Rob Campbell,,,,,
18/10/2024,Dr. Strangelove or: How I Learned to Stop Worrying and Love the Bomb,1964,7,8.3,95,Comedy,War,,,,Stanley Kubrick,,,Stanley Kubrick,Terry Southern,Peter George,Peter Sellers,George C. Scott,Sterling Hayden,Keenan Wynn,Slim Pickens,Peter Bull,James Earl Jones,Tracy Reed,Jack Creley,Frank Berry,,,,,
19/10/2024,The Hours,2002,7,7.5,110,Drama,Romance,,,,Stephen Daldry,,,Michael Cunningham,,David Hare,Nicole Kidman,Julianne Moore,Meryl Streep,Stephen Dillane,Miranda Richardson,George Loftus,Charley Ramm,Sophie Wyburd,Lyndsey Marshal,Linda Bassett,,,,,
06/11/2024,Rebel Ridge,2024,7,6.8,131,Action,Crime,Drama,Thriller,,Jeremy Saulnier,,,Jeremy Saulnier,,,Aaron Pierre,David Denman,Emory Cohen,Oscar Gale,AnnaSophia Robb,Reid Williams,Steve Zissis,Daniel H. Chung,Dana Lee,Zsane Jhe,,,,,
16/11/2024,Deadpool & Wolverine,2024,7,7.5,128,Action,Adventure,Comedy,Sci-Fi,,Shawn Levy,,,Ryan Reynolds,Rhett Reese,Paul Wernick,Ryan Reynolds,Hugh Jackman,Emma Corrin,Matthew Macfadyen,Dafne Keen,Jon Favreau,Morena Baccarin,Rob Delaney,Leslie Uggams,Jennifer Garner,,,,,
18/11/2024,Challengers,2024,7,7.0,131,Comedy,Drama,Romance,Sport,,Luca Guadagnino,,,Justin Kuritzkes,,,Mike Faist,Josh O'Connor,Zendaya,Darnell Appling,Bryan Doo,Shane T Harris,Nada Despotovich,Joan Mcshane,Chris Fowler,Mary Joe Fernandez,,,,,
19/11/2024,Incendies,2010,9,8.3,131,Drama,Mystery,War,,,Denis Villeneuve,,,Wajdi Mouawad,,Denis Villeneuve,Mustafa Kamel,Hussein Sami,Rémy Girard,Mélissa Désormeaux-Poulin,Maxim Gaudette,Dominique Briand,Lubna Azabal,Frédéric Paquet,Hamed Najem,Ahmad Massad,,,,,
22/11/2024,Venom,2018,6,6.6,112,Action,Adventure,Sci-Fi,,,Ruben Fleischer,,,Jeff Pinkner,Scott Rosenberg,Kelly Marcel,Tom Hardy,Michelle Williams,Riz Ahmed,Scott Haze,Reid Scott,Jenny Slate,Melora Walters,Woody Harrelson,Peggy Lu,Malcolm C. Murray,,,,,
23/11/2024,Gladiator II,2024,8,6.5,148,Action,Adventure,Drama,,,Ridley Scott,,,David Franzoni,,Peter Craig,Paul Mescal,Denzel Washington,Pedro Pascal,Connie Nielsen,Joseph Quinn,Fred Hechinger,Lior Raz,Derek Jacobi,Peter Mensah,Matt Lucas,,,,,
27/11/2024,Ready or Not,2019,8,6.8,95,Action,Comedy,Horror,Mystery,Thriller,Matt Bettinelli-Olpin,Tyler Gillett,,Guy Busick,R. Christopher Murphy,,Samara Weaving,Adam Brody,Mark O'Brien,Henry Czerny,Andie MacDowell,Melanie Scrofano,Kristian Bruun,Elyse Levesque,Nicky Guadagni,John Ralston,,,,,
30/11/2024,A Haunting in Venice,2023,8,6.5,103,Crime,Drama,Horror,Mystery,Thriller,Kenneth Branagh,,,Michael Green,,Agatha Christie,Kenneth Branagh,Dylan Corbett-Bader,Amir El-Masry,Riccardo Scamarcio,Fernando Piloni,Lorenzo Acquaviva,Tina Fey,David Menkin,Camille Cottin,Kelly Reilly,,,,,
06/12/2024,Red Sparrow,2018,8,6.6,140,Action,Drama,Thriller,,,Francis Lawrence,,,Justin Haythe,,Jason Matthews,Jennifer Lawrence,Joel Edgerton,Matthias Schoenaerts,Charlotte Rampling,Mary-Louise Parker,Ciarán Hinds,Joely Richardson,Bill Camp,Jeremy Irons,Thekla Reuten,,,,,
13/12/2024,The Substance,2024,7,7.2,141,Drama,Horror,Sci-Fi,,,Coralie Fargeat,,,Coralie Fargeat,,,Demi Moore,Margaret Qualley,Dennis Quaid,Edward Hamilton-Clark,Gore Abrams,Oscar Lesage,Christian Erickson,Robin Greer,Tom Morton,Hugo Diego Garcia,,,,,
22/12/2024,Carry-On,2024,6,6.5,119,Action,Crime,Thriller,,,Jaume Collet-Serra,,,T.J. Fixman,,,Taron Egerton,Jason Bateman,Sofia Carson,Danielle Deadwyler,Theo Rossi,Tonatiuh,Logan Marshall-Green,Dean Norris,Sinqua Walls,Curtiss Cook,,,,,
24/12/2024,White Boy Rick,2018,7,6.5,111,Crime,Drama,,,,Yann Demange,,,Andy Weiss,Logan Miller,Noah Miller,Matthew McConaughey,Richie Merritt,Bel Powley,Jennifer Jason Leigh,Brian Tyree Henry,Rory Cochrane,RJ Cyler,Jonathan Majors,Eddie Marsan,Taylour Paige,,,,,
01/01/2025,Memento,2000,8,8.4,113,Mystery,Thriller,,,,Christopher Nolan,,,Christopher Nolan,,Jonathan Nolan,Guy Pearce,Carrie-Anne Moss,Joe Pantoliano,Mark Boone Junior,Russ Fega,Jorja Fox,Stephen Tobolowsky,Harriet Sansom Harris,Thomas Lennon,Callum Keith Rennie,,,,,
17/01/2025,Shoplifters,2018,8,7.9,121,Crime,Drama,Thriller,,,Hirokazu Koreeda,,,Hirokazu Koreeda,,Hirokazu Koreeda,Lily Franky,Sakura Andô,Kirin Kiki,Mayu Matsuoka,Jyo Kairi,Miyu Sasaki,Sôsuke Ikematsu,Yuki Yamada,Moemi Katayama,Daisuke Kuroda,,,,,
18/01/2025,Annihilation,2018,7,6.8,115,Adventure,Drama,Horror,Mystery,Sci-Fi,Alex Garland,,,Alex Garland,,Jeff VanderMeer,Natalie Portman,Benedict Wong,Sonoya Mizuno,David Gyasi,Oscar Isaac,John Schwab,Jennifer Jason Leigh,Gina Rodriguez,Tuva Novotny,Tessa Thompson,,,,,
25/01/2025,Meet Joe Black,1998,6,7.2,178,Drama,Fantasy,Romance,,,Martin Brest,,,Ron Osborn,Jeff Reno,Kevin Wade,Brad Pitt,Anthony Hopkins,Claire Forlani,Jake Weber,Marcia Gay Harden,Jeffrey Tambor,David S. Howard,Lois Kelly-Miller,Jahnni St. John,Richard Clarke,,,,,
31/01/2025,Wolfs,2024,7,6.5,108,Crime,Thriller,,,,Jon Watts,,,Jon Watts,,,Amy Ryan,Austin Abrams,George Clooney,Brad Pitt,Donut McGunigle,Sergio Cota Jr.,Poorna Jagannathan,Alfred Chou,Robert Timothy Smith,Amanda Aday,,,,,
06/02/2025,The Vast of Night,2019,6,6.7,91,Drama,Mystery,Sci-Fi,Thriller,,Andrew Patterson,,,Andrew Patterson,Craig W. Sanger,,Sierra McCormick,Jake Horowitz,Gail Cronauer,Bruce Davis,Cheyenne Barton,Mark Banik,Gregory Peyton,Adam Dietrich,Mallorie Rodak,Mollie Milligan,,,,,
08/03/2025,Anora,2024,8,7.5,139,Comedy,Drama,Romance,,,Sean Baker,,,Sean Baker,,,Mikey Madison,Paul Weissman,Yura Borisov,Lindsey Normington,Emily Weider,Luna Sofía Miranda,Vincent Radwinsky,Brittney Rodriguez,Sophia Carnabuci,Mark Eydelshteyn,,,,,
21/03/2025,Hardcore Henry,2015,7,6.7,96,Action,Adventure,Sci-Fi,Thriller,,Ilya Naishuller,,,Ilya Naishuller,,Will Stewart,Sharlto Copley,Danila Kozlovsky,Haley Bennett,Tim Roth,Andrei Dementiev,Svetlana Ustinova,Darya Charusha,Oleg Poddubnyy,Jack Hahn,Cyrus Arnold,,,,,
28/03/2025,Emilia Pérez,2024,8,5.4,132,Crime,Drama,Musical,Thriller,,Jacques Audiard,,,Jacques Audiard,,Thomas Bidegain,Zoe Saldaña,Karla Sofía Gascón,Selena Gomez,Adriana Paz,Edgar Ramírez,Mark Ivanir,Eduardo Aladro,Emiliano Hasan,Gaël Murguia-Fur,Tirso Pietriga,,,,,
18/04/2025,On the Wandering Paths,2023,9,6.6,95,Drama,,,,,Denis Imbert,,,Sylvain Tesson,,Denis Imbert,Jean Dujardin,Joséphine Japy,Izïa Higelin,Anny Duperey,Dylan Robert,Jonathan Zaccaï,Olivier Charasson,Lou Chauvain,Marie-Christine Barrault,Yves Servière,,,,,
22/04/2025,Full Time,2021,8,7.4,88,Drama,,,,,Eric Gravel,,,Eric Gravel,,,Laure Calamy,Anne Suarez,Geneviève Mnich,Nolan Arizmendi,Sasha Lemaitre Cremaschi,Cyril Gueï,Lucie Gallo,Agathe Dronne,Mathilde Weil,Dana Fiaque,,,,,
29/04/2025,Le brio,2017,6,6.7,95,Comedy,Drama,,,,Yvan Attal,,,Victor Saint Macary,Yaël Langmann,Noé Debré,Daniel Auteuil,Camélia Jordana,Yasin Houicha,Nozha Khouadra,Nicolas Vaude,Jean-Baptiste Lafarge,Virgil Leclaire,Zohra Benali,Damien Zanoly,Jean-Philippe Puymartin,,,,,
30/04/2025,In the Name of My Daughter,2014,6,6.1,116,Crime,Drama,,,,André Téchiné,,,Cédric Anger,,Jean-Charles Le Roux,Guillaume Canet,Catherine Deneuve,Adèle Haenel,Judith Chemla,Mauro Conte,Jean Corso,Hugo Sablic,Jean-Pierre Getti,Pascal Mercier,Tamara De Leener,,,,,
03/05/2025,Sinners,2025,8,8.0,137,Action,Drama,Horror,Thriller,,Ryan Coogler,,,Ryan Coogler,,,Miles Caton,Saul Williams,Andrene Ward-Hammond,Jack O'Connell,Tenaj L. Jackson,Michael B. Jordan,Dave Maldonado,Aadyn Encalarde,Helena Hu,Yao,,,,,
06/05/2025,A Simple Favor,2018,7,6.8,117,Comedy,Crime,Mystery,Thriller,,Paul Feig,,,Darcey Bell,,Jessica Sharzer,Anna Kendrick,Ian Ho,Joshua Satine,Glenda Braganza,Andrew Rannells,Kelly McCormack,Aparna Nancherla,Jiah Mavji,Ava LaFramboise,Blake Lively,,,,,
09/05/2025,The Greatest Showman,2017,8,7.5,105,Biography,Drama,Musical,,,Michael Gracey,,,Jenny Bicks,Bill Condon,,Hugh Jackman,Michelle Williams,Zac Efron,Zendaya,Rebecca Ferguson,Austyn Johnson,Cameron Seely,Keala Settle,Sam Humphrey,Yahya Abdul-Mateen II,,,,,
10/05/2025,The Moustache,2005,6,6.6,87,Drama,Mystery,,,,Emmanuel Carrère,,,Jérôme Beaujour,,Emmanuel Carrère,Vincent Lindon,Emmanuelle Devos,Mathieu Amalric,Hippolyte Girardot,Cylia Malki,Macha Polikarpova,Fantine Camus,Frédéric Imberty,Brigitte Bémol,Denis Ménochet,,,,,
15/05/2025,The Secret Life of Walter Mitty,2013,6,7.3,114,Adventure,Comedy,Drama,Fantasy,Romance,Ben Stiller,,,Steve Conrad,,Steve Conrad,Ben Stiller,Kristen Wiig,Jon Daly,Kathryn Hahn,Terence Bernie Hines,Adam Scott,Paul Fitzgerald,Grace Rex,Alex Anfanger,Amanda Naughton,Sean Penn,,,,
16/05/2025,A Real Pain,2024,7,7.1,90,Comedy,Drama,,,,Jesse Eisenberg,,,Jesse Eisenberg,,,Kieran Culkin,Jesse Eisenberg,Olha Bosova,Banner Eisenberg,Jakub Gasowski,Will Sharpe,Daniel Oreskes,Liza Sadovy,Kurt Egyiawan,Jennifer Grey,,,,,
17/05/2025,Another Simple Favor,2025,6,5.3,120,Comedy,Crime,Mystery,Thriller,,Paul Feig,,,Darcey Bell,,Jessica Sharzer,Anna Kendrick,Joshua Satine,Mitch Salm,Andrew Rannells,Diletta Jayne,Holmes,Aparna Nancherla,Kelly McCormack,Alex Newell,Bashir Salahuddin,Blake Lively,,,,
22/05/2025,Legend,2015,7,6.9,132,Biography,Crime,Drama,Thriller,,Brian Helgeland,,,Brian Helgeland,,John Pearson,Paul Anderson,Tom Hardy,Christopher Eccleston,Joshua Hill,Emily Browning,Colin Morgan,Tara Fitzgerald,Nicholas Farrell,Adam Fogerty,Mel Raido,,,,,
31/05/2025,A Complete Unknown,2024,7,7.4,141,Biography,Drama,Music,,,James Mangold,,,James Mangold,Jay Cocks,,Timothée Chalamet,Joe Tippett,Edward Norton,Eriko Hatsune,Peter Gray Lewis,Peter Gerety,Lenny Grossman,David Wenzel,Scoot McNairy,Riley Hashimoto,,,,,
05/06/2025,Beautiful Boy,2018,8,7.4,120,Biography,Drama,,,,Felix van Groeningen,,,Luke Davies,Felix van Groeningen,,Steve Carell,Maura Tierney,Jack Dylan Grazer,Oakley Bull,Christian Convery,Timothée Chalamet,Amy Aquino,Carlton Wilborn,Stefanie Scott,Marypat Farrell,,,,,
14/06/2025,Conclave,2024,7,7.4,120,Drama,Thriller,,,,Edward Berger,,,Peter Straughan,Robert Harris,,Ralph Fiennes,Stanley Tucci,John Lithgow,Lucian Msamati,Jacek Koman,Bruno Novelli,Thomas Loibl,Brían F. O'Byrne,Isabella Rossellini,Rony Kramer,Sergio Castellitto,Valerio Da Silva,Carlos Diehz,Joseph Mydell,Vincenzo Failla
24/06/2025,The Brutalist,2024,7,7.3,215,Drama,Historical,,,,Brady Corbet,,,Brady Corbet,Mona Fastvold,,Adrien Brody,Felicity Jones,Guy Pearce,Joe Alwyn,Raffey Cassidy,Stacy Martin,Emma Laird,Isaach de Bankolé,Alessandro Nivola,Ariane Labed,Michael Epp,Jonathan Hyde,Peter Polycarpou,Maria Sand,Michelle Hoffman
07/07/2025,Serenity,2019,7,5.4,106,Mystery,Thriller,,,,Steven Knight,,,Steven Knight,,,Matthew McConaughey,Anne Hathaway,Jason Clarke,Diane Lane,Djimon Hounsou,Jeremy Strong,Rafael Sayegh,Charlotte Butler,Michael Richard,Robert Hobbs,Guillaume Silavant,Vinaya Sungkur,,,
08/07/2025,The Chaser,2008,8,7.8,124,Action,Thriller,,,,Na Hong-jin,,,Na Hong-jin,,,Kim Yoon-seok,Ha Jung-woo,Seo Young-hee,Kim Yoo-jung,Jung In-gi,Park Hyo-joo,Choi Jung-woo,Min Kyeong-jin,Ko Bon-woong,Oh Yeon-ah,Jeong Gi-seop,Yeo Mu-yeong,,,
12/07/2025,Saltburn,2023,8,7.0,131,Comedy,Thriller,,,,Emerald Fennell,,,Emerald Fennell,,,Barry Keoghan,Jacob Elordi,Rosamund Pike,Richard E. Grant,Alison Oliver,Archie Madekwe,Carey Mulligan,Paul Rhys,Ewan Mitchell,Sadie Soverall,Millie Kent,Reece Shearsmith,,,
18/07/2025,Civil War,2024,7,7.0,109,Action,Thriller,,,,Alex Garland,,,Alex Garland,,,Kirsten Dunst,Wagner Moura,Cailee Spaeny,Stephen McKinley Henderson,Sonoya Mizuno,Nick Offerman,Jefferson White,Juani Feliz,Nelson Lee,Edmund Donovan,Karl Glusman,Jin Ha,Jonica T. Gibbs,Jesse Plemons,
25/07/2025,Last Night,2011,7,6.5,93,Drama,Romance,,,,Massy Tadjedin,,,Massy Tadjedin,,,Keira Knightley,Sam Worthington,Eva Mendes,Guillaume Canet,,,,,,,,,,,
28/07/2025,Shutter Island,2010,9,8.2,138,Thriller,Mystery,,,,Martin Scorsese,,,Martin Scorsese,,,Leonardo DiCaprio,Mark Ruffalo,Ben Kingsley,Michelle Williams,Max von Sydow,Emily Mortimer,Patricia Clarkson,Jackie Earle Haley,Ted Levine,John Carroll Lynch,Elias Koteas,Robin Bartlett,Christopher Denham,,
02/08/2025,Final Destination: Bloodlines,2025,7,6.8,110,Horror,Thriller,,,,Zach Lipovsky,Adam B. Stein,,Zach Lipovsky,Adam B. Stein,,Tony Todd,Kaitlyn Santa Juana,Teo Briones,Rya Kihlstedt,,,,,,,,,,,
05/08/2025,Mickey 17,2025,6,6.8,137,Science Fiction,Black Comedy,,,,Bong Joon Ho,,,Bong Joon Ho,Dede Gardner,Jeremy Kleiner,Robert Pattinson,Naomi Ackie,Steven Yeun,Toni Collette,Mark Ruffalo,Patsy Ferran,Cameron Britton,Daniel Henshall,Stephen Park,Anamaria Vartolomei,,,,,
08/08/2025,Trap,2024,6,5.8,105,Psychological Thriller,Horror,Crime,Mystery,Serial Killer,M. Night Shyamalan,,,M. Night Shyamalan,Ashwin Rajan,Marc Bienstock,Josh Hartnett,Ariel Donoghue,Saleka Shyamalan,Alison Pill,Hayley Mills,Jonathan Langdon,Mark Bacolcol,Marnie McPhail-Diamond,Kid Cudi,Russell Vitale,Marcia Bennett,Vanessa Smythe,M. Night Shyamalan,,
10/08/2025,Life,2017,8,6.6,104,Science Fiction,Horror,Thriller,Space,Body Horror,Daniel Espinosa,,,Daniel Espinosa,David Ellison,Dana Goldberg,Bonnie Curtis,Julie Lynn,Jake Gyllenhaal,Rebecca Ferguson,Ryan Reynolds,Hiroyuki Sanada,Ariyon Bakare,Olga Dihovichnaya,Naoko Mori,Jesus Del Orden,Allen McLean,Leila Grace,Mari Gvelesiani,,
16/08/2025,Small Things Like These,2024,6,6.7,98,Drama,Historical,Thriller,Magdalene Laundries,Irish Town,Tim Mielants,,,Tim Mielants,Matt Damon,Cillian Murphy,Alan Moloney,Drew Vinton,Jeff Robinov,Cillian Murphy,Eileen Walsh,Michelle Fairley,Emily Watson,Clare Dunne,Helen Behan,Ciarán Hinds,Zara Devlin,Patrick Ryan,Peter Claffey,,
18/08/2025,Better Man,2024,7,7.5,135,Biography,Musical,Drama,Fame,Mental Health,Michael Gracey,,,Michael Gracey,Paul Currie,Michael Gracey,Coco Xiaolu Ma,Craig McMahon,Jules Daly,Robbie Williams,Jonno Davies,Steve Pemberton,Alison Steadman,Kate Mulvany,Damon Herriman,Raechelle Banno,Tom Budge,Jake Simmance,Liam Head,,
23/08/2025,Echo Valley,2025,6,6.3,103,Thriller,Drama,Crime,Motherhood,Protection,Michael Pearce,,,Michael Pearce,Ridley Scott,Michael Pruss,Brad Ingelsby,Kevin J. Walsh,Julianne Moore,Sydney Sweeney,Domhnall Gleeson,Kyle MacLachlan,Fiona Shaw,Edmund Donovan,Albert Jones,Katya Campbell,Melanie Nicholls-King,Rebecca Creskoff,Audrey Grace Marshall,,
31/08/2025,Solace,2015,6,6.4,101,Thriller,Drama,Crime,Psychic,Serial Killer,Afonso Poyart,,,Afonso Poyart,Thomas Augsberger,Matthias Emcke,Beau Flynn,Tripp Vinson,Anthony Hopkins,Jeffrey Dean Morgan,Abbie Cornish,Colin Farrell,Matt Gerald,Jose Pablo Cantillo,Marley Shelton,Xander Berkeley,Kenny Johnson,Joshua Close,Sharon Lawrence,,
08/09/2025,Miss Sloane,2016,7,7.5,132,Thriller,Drama,Political,Legal,Lobbying,John Madden,,,John Madden,Ariel Zeitoun,Ben Browning,Kris Thykier,Jessica Chastain,Mark Strong,Gugu Mbatha-Raw,Michael Stuhlbarg,Alison Pill,Jake Lacy,John Lithgow,Sam Waterston,David Wilson Barnes,Chuck Shamata,Raoul Bhaneja,Andrew Moodie,Kyle Mac Moore,
13/09/2025,The Covenant,2023,7,7.5,123,Action,Drama,Thriller,War,Afghanistan,Guy Ritchie,,,Guy Ritchie,Ivan Atkinson,John Friedberg,Josh Berger,Jake Gyllenhaal,Dar Salim,Sean Sagar,Jason Wong,Rhys Yates,Christian Ochoa,Bobby Schofield,Emily Beecham,Jonny Lee Miller,Alexander Ludwig,Reza Diako,James Nelson-Joyce,Antony Starr,
28/09/2025,Licorice Pizza,2021,7,7.1,133,Comedy,Drama,Romance,Coming-of-Age,San Fernando Valley,Paul Thomas Anderson,,,Paul Thomas Anderson,Sara Murphy,Adam Somner,Alana Haim,Cooper Hoffman,Sean Penn,Tom Waits,Bradley Cooper,Benny Safdie,Will Angarola,Griff Giacchino,James Kelley,Dexter Demme,Sasha Spielberg,Karissa Reynafarje,Savannah Ioakimedes,Dorie Samovitz,Anna Cordell
10/10/2025,The Instigators,2024,5,6.2,101,Action,Comedy,Crime,Buddy,Heist,Boston,Doug Liman,,,Doug Liman,Ben Affleck,Matt Damon,Casey Affleck,Hong Chau,Michael Stuhlbarg,Paul Walter Hauser,Ving Rhames,Alfred Molina,Toby Jones,Jack Harlow,Ron Perlman,Owen Earls,Natalie Carter,Walter Liebman,André De Shields,Rob Gronkowski
11/10/2025,The Gorge,2025,7,6.7,127,Action,Romance,Sci-Fi,Horror,Thriller,Gorge Outpost,Scott Derrickson,,,Scott Derrickson,David Ellison,Dana Goldberg,Don Granger,Scott Derrickson,C. Robert Cargill,Sherryl Clark,Adam Kolbrenner,Zach Dean,Gregory Goodman,Miles Teller,Anya Taylor-Joy,Sigourney Weaver,Sope Dirisu,William Houston,Kobna Holdbrook-Smith,James Marlowe
19/10/2025,The Roundup,2022,7,7.0,106,Action,Crime,Thriller,Comedy,Martial Arts,Lee Sang-yong,,,Ma Dong-seok,Kim Min-seong,,Ma Dong-seok,Min-Seong Kim,Young-jong Lee,Yoo Young-Chae,,Joo Sung Rim,Son Suk-ku,Choi Gwi-hwa,Park Ji-hwan,Heo Dong-won,Ha Jun,Kim Chan-hyung,Park Ji-young,Eum Moon-suk,
25/10/2025,Sharper,2023,7,6.7,116,Crime,Drama,Thriller,Psychological,,Benjamin Caron,,,Sebastian Stan,,,Julianne Moore,Sebastian Stan,Ben Caron,Brian Gatewood,Brian Gatewood,Justice Smith,Briana Middleton,John Lithgow,Phillip Johnson Richardson,,,,,,
26/10/2025,Primer,2004,6,6.9,77,Drama,Sci-Fi,Thriller,Time Travel,,Shane Carruth,,,Shane Carruth,David Sullivan,,Shane Carruth,David Sullivan,Casey Gooden,Anand Upadhyaya,Jay Butler,Samantha Thomson,,,,,,,,,
03/11/2025,The Salt Path,2023,7,7.2,102,Drama,Biography,Adventure,Nature,,Marianne Elliott,,,Rebecca Lenkiewicz,Raynor Winn,,Gillian Anderson,Jason Isaacs,Denis Lill,,,,,,,,,,,,
05/11/2025,Moana,2016,8,7.6,107,Animation,Adventure,Comedy,Family,Fantasy,Ron Clements,John Musker,,Jared Bush,Ron Clements,John Musker,Auli'i Cravalho,Dwayne Johnson,Rachel House,Temuera Morrison,Jemaine Clement,Nicole Scherzinger,Alan Tudyk,,,,,,,,
09/11/2025,The Amateur,2025,7,6.5,122,Action,Thriller,Spy,,,James Hawes,,,Robert Littell,Ken Nolan,Gary Spinelli,Rami Malek,Rachel Brosnahan,Jon Bernthal,Holt McCallany,Julianne Nicholson,Caitríona Balfe,Michael Stuhlbarg,Laurence Fishburne,Adrian Martinez,Danny Sapani,Marc Rissmann,Joseph Millson,Barbara Probst,,
14/11/2025,Weapons,2025,8,7.5,128,Mystery,Horror,Dark Comedy,Supernatural,,Zach Cregger,,,Zach Cregger,,,Josh Brolin,Julia Garner,Alden Ehrenreich,Austin Abrams,Cary Christopher,Benedict Wong,Amy Madigan,Toby Huss,Sara Paxton,Justin Long,June Diane Raphael,Whitmer Thomas,Callie Schuttera,,
15/11/2025,The Assessment,2024,7,6.6,114,Sci-Fi,Drama,Thriller,Psychological,Dystopian,Fleur Fortuné,,,Nell Garfath-Cox,Dave Thomas,John Donnelly,Elizabeth Olsen,Alicia Vikander,Himesh Patel,Indira Varma,Nicholas Pinnock,Charlotte Ritchie,Leah Harvey,Minnie Driver,Suhayla Balli,Al Soufi,Del Diego,Angeline Padrón Filippova,Saida Fuentes,Anaya Thorley,
22/11/2025,Materialists,2025,6,6.3,117,Romantic,Comedy,Romance,Drama,,Celine Song,,,Celine Song,,,Dakota Johnson,Chris Evans,Pedro Pascal,Zoë Winters,Marin Ireland,Louisa Jacobson,Dasha Nekrasova,Eddie Cahill,Sawyer Spielberg,Joseph Lee,John Magaro,Baby Rose,,,
29/11/2025,Nobody 2,2025,6,6.3,89,,Action,Thriller,Crime,Comedy,Timo Tjahjanto,,,Derek Kolstad,Aaron Rabin,,Bob Odenkirk,Connie Nielsen,Christopher Lloyd,John Ortiz,Colin Hanks,RZA,Sharon Stone,Colin Salmon,Gage Munroe,Paisley Cadorath,Jacob Blair,Daniel Bernhardt,Lucius Hoyos,David MacInnis,
30/11/2025,The Lost Bus,2025,6,6.8,129,,Drama,Thriller,Biography,History,Paul Greengrass,,,Brad Ingelsby,Paul Greengrass,Lizzie Johnson,Matthew McConaughey,America Ferrera,Yul Vazquez,Ashlie Atkinson,Spencer Watson,Levi McConaughey,Kay McConaughey,Kate Wharton,Danny McCarthy,Kimberli Flores,Nathan Gariety,Olivia Darling,Ava Mac Ericsson,Alexander Shimoyama,
06/12/2025,Heretic,2024,9,7.0,111,Psychological,Thriller,Horror,,,Scott Beck,Bryan Woods,,Scott Beck,Bryan Woods,,Hugh Grant,Sophie Thatcher,Chloe East,Topher Grace,Elle Young,Julie Lynn Mortensen,Haylie Hansen,Elle McKinnon,Hanna Huffman,Anesha Bailey,Miguel Castillo,Stephanie Lavigne,Wendy Gorling,Carolyn Adair,River Codack
15/12/2025,F1,2025,8,8.1,118,Action,Sport,Drama,,,Joseph Kosinski,,,Joseph Kosinski,,,Brad Pitt,Damson Idris,Kerry Condon,Javier Bardem,Tobias Menzies,Sarah Niles,Jack Nicholls,Martin Brundle,Charles Leclerc,Carlos Sainz,Lewis Hamilton,Max Verstappen,Lando Norris,George Russell,Sergio Pérez
19/12/2025,Jumanji: Welcome to the Jungle,2017,6,6.9,119,Action,Adventure,Comedy,Fantasy,,Jake Kasdan,,,Chris McKenna,Erik Sommers,Scott Rosenberg,Dwayne Johnson,Kevin Hart,Jack Black,Karen Gillan,Nick Jonas,Bobby Cannavale,Rhys Darby,Alex Wolff,Ser'Darius Blain,Madison Iseman,Morgan Turner,Marc Evan Jackson,Marin Hinkle,,
30/12/2025,The Count of Monte Cristo,2024,8,8.1,173,Action,Adventure,Drama,History,Romance,Alexandre de la Patellière,Matthieu Delaporte,,Alexandre de la Patellière,Matthieu Delaporte,,Pierre Niney,Anaïs Demoustier,Laurent Lafitte,Pierfrancesco Favino,Anamaria Vartolomei,Bastien Bouillon,Patrick Mille,,,,,,,,
03/01/2026,Wake Up Dead Man: A Knives Out Mystery,2025,8,7.4,144,Mystery,,,,,Rian Johnson,,,Rian Johnson,,,Daniel Craig,Josh O'Connor,Glenn Close,Josh Brolin,Mila Kunis,Jeremy Renner,Kerry Washington,Andrew Scott,Cailee Spaeny,Daryl McCormack,Thomas Haden Church,Jeffrey Wright,Annie Hamilton,James Faulkner,Bridget Everett
09/01/2026,The Thursday Murder Club,2025,6,6.5,118,Comedy,Crime,Mystery,Thriller,,Chris Columbus,,,Katy Brand,Suzanne Heathcote,Richard Osman,Helen Mirren,Pierce Brosnan,Ben Kingsley,Celia Imrie,Naomi Ackie,Daniel Mays,Henry Lloyd-Hughes,Tom Ellis,Jonathan Pryce,David Tennant,Geoff Bell,Paul Freeman,Richard E. Grant,Ingrid Oliver,
11/01/2026,12 Angry Men,1957,8,9.0,96,Drama,Crime,Psychological,,,Sidney Lumet,,,Reginald Rose,,,Henry Fonda,Lee J. Cobb,Martin Balsam,John Fiedler,E.G. Marshall,Jack Klugman,Edward Binns,Jack Warden,Joseph Sweeney,Ed Begley,George Voskovec,Robert Webber,Rudy Bond,Tom Gorman,James Kelly
17/01/2026,The Rip,2026,7,6.9,113,Action,Crime,Drama,,,Joe Carnahan,,,Joe Carnahan,Michael McGrale,,Matt Damon,Ben Affleck,Steven Yeun,Teyana Taylor,Catalina Sandino Moreno,Sasha Calle,Kyle Chandler,Scott Adkins,Daisuke Tsuji,Nestor Carbonell,Lina Esco,Alex Hernandez,Warwick Cliff Chamberlain,Jayson Merrill,
23/01/2026,The Running Man,2025,7,6.9,133,Science Fiction,Action,,,,Edgar Wright,,,Michael Bacall,Edgar Wright,Stephen King,Glen Powell,William H. Macy,Lee Pace,Michael Cera,Emilia Jones,Daniel Ezra,Jayme Lawson,Sean Hayes,Colman Domingo,Josh Brolin,,,,,
26/01/2026,Caught Stealing,2025,7,6.9,107,Comedy,Crime,Thriller,,,Darren Aronofsky,,,Charlie Huston,,,Austin Butler,Regina King,Zoë Kravitz,Matt Smith,Liev Schreiber,Vincent D'Onofrio,Bad Bunny,Griffin Dunne,Will Brill,D'Pharaoh Woon-A-Tai,Jake Bentley,Mike Francesa,Chris 'Mad Dog' Russo,Nikita Kukushkin,Yuri Kolokolnikov
31/01/2026,Triple Frontier,2019,8,6.5,125,Action,Adventure,Drama,Mystery,Thriller,J.C. Chandor,,,Mark Boal,J.C. Chandor,,Ben Affleck,Oscar Isaac,Charlie Hunnam,Garrett Hedlund,Pedro Pascal,Adria Arjona,Jeovanny Rodriguez,Juan Camilo Castillo,Reynaldo Gallegos,Madeline Wary,Johan Ochoa,Pablo Cesar Sanchez,Kevin Vasquez,Enzo Morales,Herberto Borjas
07/02/2026,The Woman in Cabin 10,2025,6,5.8,92,Psychological,Drama,Mystery,Thriller,Whodunnit,Simon Stone,,,Joe Shrapnel,Anna Waterhouse,Simon Stone,Keira Knightley,Guy Pearce,David Ajala,Gitte Witt,Art Malik,Gugu Mbatha-Raw,Hannah Waddingham,Kaya Scodelario,David Morrissey,Daniel Ings,Christopher Rygh,Pippa Bennett-Warner,John Macmillan,Paul Kaye,Amanda Collin
05/02/2026,Frankenstein,2025,8,7.5,150,Horror,Drama,Fantasy,Dark Fantasy,Psychological,Guillermo del Toro,,,Guillermo del Toro,Mary Shelley,,Oscar Isaac,Jacob Elordi,Christoph Waltz,Mia Goth,Felix Kammerer,Charles Dance,David Bradley,Lars Mikkelsen,Christian Convery,Nikolaj Lie Kaas,Kyle Gatehouse,Lauren Collins,Sofia Galasso,Joachim Fjelstrup,
13/02/2026,Wind River,2017,8,7.7,107,Crime,Drama,Mystery,Thriller,Western,Taylor Sheridan,,,Taylor Sheridan,,,Jeremy Renner,Elizabeth Olsen,Graham Greene,Kelsey Asbille,Teo Briones,Julia Jones,Gil Birmingham,Tantoo Cardinal,Eric Lange,Jon Bernthal,Martin Sensmeier,Apesanahkwat,Althea Sam,Tokala Black Elk,Tyler Laracca
17/02/2026,Madagascar,2005,8,6.9,86,Animation,Adventure,Comedy,Family,,Eric Darnell,Tom McGrath,,Mark Burton,Billy Frolick,Eric Darnell,Ben Stiller,Chris Rock,David Schwimmer,Jada Pinkett Smith,Sacha Baron Cohen,Cedric the Entertainer,Andy Richter,Tom McGrath,Christopher Knights,Chris Miller,Conrad Vernon,,,,
19/02/2026,Cars,2006,7,7.3,117,Animation,Adventure,Comedy,Family,Sport,John Lasseter,Joe Ranft,,Dan Fogelman,John Lasseter,Joe Ranft,Owen Wilson,Paul Newman,Bonnie Hunt,Larry the Cable Guy,Cheech Marin,Tony Shalhoub,Guido Quaroni,Jenifer Lewis,Paul Dooley,Michael Wallis,George Carlin,Katherine Helmond,John Ratzenberger,,
21/02/2026,Madagascar: Escape 2 Africa,2008,6,6.7,89,Animation,Adventure,Comedy,Family,,Eric Darnell,Tom McGrath,,Etan Cohen,Eric Darnell,Tom McGrath,Ben Stiller,Chris Rock,David Schwimmer,Jada Pinkett Smith,Sacha Baron Cohen,Cedric the Entertainer,Andy Richter,Bernie Mac,Alec Baldwin,Sherri Shepherd,will.i.am,Elisa Gabrielli,Tom McGrath,Chris Miller,Christopher Knights
23/02/2026,Scary Movie 2,2001,7,5.4,83,Comedy,Horror,Parody,,,Keenen Ivory Wayans,,,Shawn Wayans,Marlon Wayans,Buddy Johnson,Anna Faris,Marlon Wayans,Antony Acker,Chris Elliott,Tim Curry,Regina Hall,Shawn Wayans,Christopher Masterson,Kathleen Robertson,David Cross,Tori Spelling,James Woods,Andy Richter,Veronica Cartwright,
26/02/2026,The Infiltrator,2016,7,7.0,127,Biography,Crime,Drama,Thriller,,Brad Furman,,,Ellen Furman,Robert Mazur,,Bryan Cranston,John Leguizamo,Diane Kruger,Benjamin Bratt,Amy Ryan,Jason Isaacs,Joe Gilgun,Olympia Dukakis,Juliet Aubrey,Daniel Mays,Yul Vazquez,Art Malik,Juan Cely,Tom Vaughan-Lawlor,Niall Hayes
28/02/2026,People We Meet on Vacation,2026,8,6.6,117,Romance,Comedy,,,,Brett Haley,,,Yulin Kuang,Amos Vernon,Nunzio Randazzo,Emily Bader,Tom Blyth,Sarah Catherine Hook,Lucien Laviscount,Miles Heizer,Jameela Jamil,Tommy Do Nam,Lukas Gage,Alice Lee,Molly Shannon,Alan Ruck,Spencer Neville,Julian Ian Porter,Madeleine Akua Daisy,
17/03/2026,The Banshees of Inisherin,2022,7,7.6,114,Comedy,Drama,,,,Martin McDonagh,,,Martin McDonagh,,,Colin Farrell,Brendan Gleeson,Kerry Condon,Barry Keoghan,Pat Shortt,Gary Lydon,Jon Kenny,Sheila Flitton,John Carty,Bríd Ní Neachtain,,,,,
22/03/2026,Sentimental Value,2025,9,7.8,133,Drama,Psychological Drama,Showbiz Drama,,,Joachim Trier,,,Eskil Vogt,Joachim Trier,,Renate Reinsve,Stellan Skarsgård,Inga Ibsdotter Lilleaas,Elle Fanning,Anders Danielsen Lie,Jesper Christensen,Lena Endre,Cory Michael Smith,Catherine Cohen,Andreas Stoltenberg Granerud,Øyvind Hesjedal Loven,Erik Lars Väringer,Ida Marianne Vassbotn Klasson,Vilde Søyland Karin Borg,Sigrid Lorentzen Abelsnes
28/03/2026,Rental Family,2025,7,7.6,110,Drama,Comedy,,,,Hikari,,,Hikari,Stephen Blahut,,Brendan Fraser,Takehiro Hira,Mari Yamamoto,Shannon Mahina Gorman,Akira Emoto,,,,,,,,,